CountryName,CountryCode,RegionName,RegionCode,Jurisdiction,Date,C1_School closing,C1_Flag,C2_Workplace closing,C2_Flag,C3_Cancel public events,C3_Flag,C4_Restrictions on gatherings,C4_Flag,C5_Close public transport,C5_Flag,C6_Stay at home requirements,C6_Flag,C7_Restrictions on internal movement,C7_Flag,C8_International travel controls,E1_Income support,E1_Flag,E2_Debt/contract relief,E3_Fiscal measures,E4_International support,H1_Public information campaigns,H1_Flag,H2_Testing policy,H3_Contact tracing,H4_Emergency investment in healthcare,H5_Investment in vaccines,H6_Facial Coverings,H6_Flag,H7_Vaccination policy,H7_Flag,M1_Wildcard,ConfirmedCases,ConfirmedDeaths,StringencyIndex,StringencyIndexForDisplay,StringencyLegacyIndex,StringencyLegacyIndexForDisplay,GovernmentResponseIndex,GovernmentResponseIndexForDisplay,ContainmentHealthIndex,ContainmentHealthIndexForDisplay,EconomicSupportIndex,EconomicSupportIndexForDisplay
Greece,GRC,,,NAT_TOTAL,20200101,0.00,,0.00,,0.00,,0.00,,0.00,,0.00,,0.00,,0.00,0.00,,0.00,0.00,0.00,0.00,,0.00,0.00,0.00,0.00,0.00,,0.00,,,,,0.00,0.00,0.00,0.00,0.00,0.00,0.00,0.00,0.00,0.00
Greece,GRC,,,NAT_TOTAL,20200102,0.00,,0.00,,0.00,,0.00,,0.00,,0.00,,0.00,,0.00,0.00,,0.00,0.00,0.00,0.00,,0.00,0.00,0.00,0.00,0.00,,0.00,,,,,0.00,0.00,0.00,0.00,0.00,0.00,0.00,0.00,0.00,0.00
Greece,GRC,,,NAT_TOTAL,20200103,0.00,,0.00,,0.00,,0.00,,0.00,,0.00,,0.00,,0.00,0.00,,0.00,0.00,0.00,0.00,,0.00,0.00,0.00,0.00,0.00,,0.00,,,,,0.00,0.00,0.00,0.00,0.00,0.00,0.00,0.00,0.00,0.00
Greece,GRC,,,NAT_TOTAL,20200104,0.00,,0.00,,0.00,,0.00,,0.00,,0.00,,0.00,,0.00,0.00,,0.00,0.00,0.00,0.00,,0.00,0.00,0.00,0.00,0.00,,0.00,,,,,0.00,0.00,0.00,0.00,0.00,0.00,0.00,0.00,0.00,0.00
Greece,GRC,,,NAT_TOTAL,20200105,0.00,,0.00,,0.00,,0.00,,0.00,,0.00,,0.00,,0.00,0.00,,0.00,0.00,0.00,0.00,,0.00,0.00,0.00,0.00,0.00,,0.00,,,,,0.00,0.00,0.00,0.00,0.00,0.00,0.00,0.00,0.00,0.00
Greece,GRC,,,NAT_TOTAL,20200106,0.00,,0.00,,0.00,,0.00,,0.00,,0.00,,0.00,,0.00,0.00,,0.00,0.00,0.00,0.00,,0.00,0.00,0.00,0.00,0.00,,0.00,,,,,0.00,0.00,0.00,0.00,0.00,0.00,0.00,0.00,0.00,0.00
Greece,GRC,,,NAT_TOTAL,20200107,0.00,,0.00,,0.00,,0.00,,0.00,,0.00,,0.00,,0.00,0.00,,0.00,0.00,0.00,0.00,,0.00,0.00,0.00,0.00,0.00,,0.00,,,,,0.00,0.00,0.00,0.00,0.00,0.00,0.00,0.00,0.00,0.00
Greece,GRC,,,NAT_TOTAL,20200108,0.00,,0.00,,0.00,,0.00,,0.00,,0.00,,0.00,,0.00,0.00,,0.00,0.00,0.00,0.00,,0.00,0.00,0.00,0.00,0.00,,0.00,,,,,0.00,0.00,0.00,0.00,0.00,0.00,0.00,0.00,0.00,0.00
Greece,GRC,,,NAT_TOTAL,20200109,0.00,,0.00,,0.00,,0.00,,0.00,,0.00,,0.00,,0.00,0.00,,0.00,0.00,0.00,0.00,,0.00,0.00,0.00,0.00,0.00,,0.00,,,,,0.00,0.00,0.00,0.00,0.00,0.00,0.00,0.00,0.00,0.00
Greece,GRC,,,NAT_TOTAL,20200110,0.00,,0.00,,0.00,,0.00,,0.00,,0.00,,0.00,,0.00,0.00,,0.00,0.00,0.00,0.00,,0.00,0.00,0.00,0.00,0.00,,0.00,,,,,0.00,0.00,0.00,0.00,0.00,0.00,0.00,0.00,0.00,0.00
Greece,GRC,,,NAT_TOTAL,20200111,0.00,,0.00,,0.00,,0.00,,0.00,,0.00,,0.00,,0.00,0.00,,0.00,0.00,0.00,0.00,,0.00,0.00,0.00,0.00,0.00,,0.00,,,,,0.00,0.00,0.00,0.00,0.00,0.00,0.00,0.00,0.00,0.00
Greece,GRC,,,NAT_TOTAL,20200112,0.00,,0.00,,0.00,,0.00,,0.00,,0.00,,0.00,,0.00,0.00,,0.00,0.00,0.00,0.00,,0.00,0.00,0.00,0.00,0.00,,0.00,,,,,0.00,0.00,0.00,0.00,0.00,0.00,0.00,0.00,0.00,0.00
Greece,GRC,,,NAT_TOTAL,20200113,0.00,,0.00,,0.00,,0.00,,0.00,,0.00,,0.00,,0.00,0.00,,0.00,0.00,0.00,0.00,,0.00,0.00,0.00,0.00,0.00,,0.00,,,,,0.00,0.00,0.00,0.00,0.00,0.00,0.00,0.00,0.00,0.00
Greece,GRC,,,NAT_TOTAL,20200114,0.00,,0.00,,0.00,,0.00,,0.00,,0.00,,0.00,,0.00,0.00,,0.00,0.00,0.00,0.00,,0.00,0.00,0.00,0.00,0.00,,0.00,,,,,0.00,0.00,0.00,0.00,0.00,0.00,0.00,0.00,0.00,0.00
Greece,GRC,,,NAT_TOTAL,20200115,0.00,,0.00,,0.00,,0.00,,0.00,,0.00,,0.00,,0.00,0.00,,0.00,0.00,0.00,0.00,,0.00,0.00,0.00,0.00,0.00,,0.00,,,,,0.00,0.00,0.00,0.00,0.00,0.00,0.00,0.00,0.00,0.00
Greece,GRC,,,NAT_TOTAL,20200116,0.00,,0.00,,0.00,,0.00,,0.00,,0.00,,0.00,,0.00,0.00,,0.00,0.00,0.00,0.00,,0.00,0.00,0.00,0.00,0.00,,0.00,,,,,0.00,0.00,0.00,0.00,0.00,0.00,0.00,0.00,0.00,0.00
Greece,GRC,,,NAT_TOTAL,20200117,0.00,,0.00,,0.00,,0.00,,0.00,,0.00,,0.00,,0.00,0.00,,0.00,0.00,0.00,0.00,,0.00,0.00,0.00,0.00,0.00,,0.00,,,,,0.00,0.00,0.00,0.00,0.00,0.00,0.00,0.00,0.00,0.00
Greece,GRC,,,NAT_TOTAL,20200118,0.00,,0.00,,0.00,,0.00,,0.00,,0.00,,0.00,,0.00,0.00,,0.00,0.00,0.00,0.00,,0.00,0.00,0.00,0.00,0.00,,0.00,,,,,0.00,0.00,0.00,0.00,0.00,0.00,0.00,0.00,0.00,0.00
Greece,GRC,,,NAT_TOTAL,20200119,0.00,,0.00,,0.00,,0.00,,0.00,,0.00,,0.00,,0.00,0.00,,0.00,0.00,0.00,0.00,,0.00,0.00,0.00,0.00,0.00,,0.00,,,,,0.00,0.00,0.00,0.00,0.00,0.00,0.00,0.00,0.00,0.00
Greece,GRC,,,NAT_TOTAL,20200120,0.00,,0.00,,0.00,,0.00,,0.00,,0.00,,0.00,,0.00,0.00,,0.00,0.00,0.00,0.00,,0.00,0.00,0.00,0.00,0.00,,0.00,,,,,0.00,0.00,0.00,0.00,0.00,0.00,0.00,0.00,0.00,0.00
Greece,GRC,,,NAT_TOTAL,20200121,0.00,,0.00,,0.00,,0.00,,0.00,,0.00,,0.00,,0.00,0.00,,0.00,0.00,0.00,0.00,,0.00,0.00,0.00,0.00,0.00,,0.00,,,,,0.00,0.00,0.00,0.00,0.00,0.00,0.00,0.00,0.00,0.00
Greece,GRC,,,NAT_TOTAL,20200122,0.00,,0.00,,0.00,,0.00,,0.00,,0.00,,0.00,,0.00,0.00,,0.00,0.00,0.00,0.00,,0.00,0.00,0.00,0.00,0.00,,0.00,,,0,0,0.00,0.00,0.00,0.00,0.00,0.00,0.00,0.00,0.00,0.00
Greece,GRC,,,NAT_TOTAL,20200123,0.00,,0.00,,0.00,,0.00,,0.00,,0.00,,0.00,,0.00,0.00,,0.00,0.00,0.00,0.00,,0.00,0.00,0.00,0.00,0.00,,0.00,,,0,0,0.00,0.00,0.00,0.00,0.00,0.00,0.00,0.00,0.00,0.00
Greece,GRC,,,NAT_TOTAL,20200124,0.00,,0.00,,0.00,,0.00,,0.00,,0.00,,0.00,,0.00,0.00,,0.00,0.00,0.00,0.00,,0.00,0.00,0.00,0.00,0.00,,0.00,,,0,0,0.00,0.00,0.00,0.00,0.00,0.00,0.00,0.00,0.00,0.00
Greece,GRC,,,NAT_TOTAL,20200125,0.00,,0.00,,0.00,,0.00,,0.00,,0.00,,0.00,,0.00,0.00,,0.00,0.00,0.00,0.00,,0.00,0.00,0.00,0.00,0.00,,0.00,,,0,0,0.00,0.00,0.00,0.00,0.00,0.00,0.00,0.00,0.00,0.00
Greece,GRC,,,NAT_TOTAL,20200126,0.00,,0.00,,0.00,,0.00,,0.00,,0.00,,0.00,,0.00,0.00,,0.00,0.00,0.00,0.00,,0.00,0.00,0.00,0.00,0.00,,0.00,,,0,0,0.00,0.00,0.00,0.00,0.00,0.00,0.00,0.00,0.00,0.00
Greece,GRC,,,NAT_TOTAL,20200127,0.00,,0.00,,0.00,,0.00,,0.00,,0.00,,0.00,,0.00,0.00,,0.00,0.00,0.00,0.00,,0.00,0.00,0.00,0.00,0.00,,0.00,,,0,0,0.00,0.00,0.00,0.00,0.00,0.00,0.00,0.00,0.00,0.00
Greece,GRC,,,NAT_TOTAL,20200128,0.00,,0.00,,0.00,,0.00,,0.00,,0.00,,0.00,,0.00,0.00,,0.00,0.00,0.00,0.00,,0.00,0.00,0.00,0.00,0.00,,0.00,,,0,0,0.00,0.00,0.00,0.00,0.00,0.00,0.00,0.00,0.00,0.00
Greece,GRC,,,NAT_TOTAL,20200129,0.00,,0.00,,0.00,,0.00,,0.00,,0.00,,0.00,,0.00,0.00,,0.00,0.00,0.00,0.00,,0.00,0.00,0.00,0.00,0.00,,0.00,,,0,0,0.00,0.00,0.00,0.00,0.00,0.00,0.00,0.00,0.00,0.00
Greece,GRC,,,NAT_TOTAL,20200130,0.00,,0.00,,0.00,,0.00,,0.00,,0.00,,0.00,,0.00,0.00,,0.00,0.00,0.00,0.00,,0.00,0.00,0.00,0.00,0.00,,0.00,,,0,0,0.00,0.00,0.00,0.00,0.00,0.00,0.00,0.00,0.00,0.00
Greece,GRC,,,NAT_TOTAL,20200131,0.00,,0.00,,0.00,,0.00,,0.00,,0.00,,0.00,,0.00,0.00,,0.00,0.00,0.00,0.00,,0.00,0.00,0.00,0.00,0.00,,0.00,,,0,0,0.00,0.00,0.00,0.00,0.00,0.00,0.00,0.00,0.00,0.00
Greece,GRC,,,NAT_TOTAL,20200201,0.00,,0.00,,0.00,,0.00,,0.00,,0.00,,0.00,,0.00,0.00,,0.00,0.00,0.00,0.00,,0.00,0.00,0.00,0.00,0.00,,0.00,,,0,0,0.00,0.00,0.00,0.00,0.00,0.00,0.00,0.00,0.00,0.00
Greece,GRC,,,NAT_TOTAL,20200202,0.00,,0.00,,0.00,,0.00,,0.00,,0.00,,0.00,,0.00,0.00,,0.00,0.00,0.00,0.00,,0.00,0.00,0.00,0.00,0.00,,0.00,,,0,0,0.00,0.00,0.00,0.00,0.00,0.00,0.00,0.00,0.00,0.00
Greece,GRC,,,NAT_TOTAL,20200203,0.00,,0.00,,0.00,,0.00,,0.00,,0.00,,0.00,,0.00,0.00,,0.00,0.00,0.00,0.00,,0.00,0.00,0.00,0.00,0.00,,0.00,,,0,0,0.00,0.00,0.00,0.00,0.00,0.00,0.00,0.00,0.00,0.00
Greece,GRC,,,NAT_TOTAL,20200204,0.00,,0.00,,0.00,,0.00,,0.00,,0.00,,0.00,,0.00,0.00,,0.00,0.00,0.00,0.00,,0.00,0.00,0.00,0.00,0.00,,0.00,,,0,0,0.00,0.00,0.00,0.00,0.00,0.00,0.00,0.00,0.00,0.00
Greece,GRC,,,NAT_TOTAL,20200205,0.00,,0.00,,0.00,,0.00,,0.00,,0.00,,0.00,,0.00,0.00,,0.00,0.00,0.00,0.00,,0.00,0.00,0.00,0.00,0.00,,0.00,,,0,0,0.00,0.00,0.00,0.00,0.00,0.00,0.00,0.00,0.00,0.00
Greece,GRC,,,NAT_TOTAL,20200206,0.00,,0.00,,0.00,,0.00,,0.00,,0.00,,0.00,,0.00,0.00,,0.00,0.00,0.00,0.00,,0.00,0.00,0.00,0.00,0.00,,0.00,,,0,0,0.00,0.00,0.00,0.00,0.00,0.00,0.00,0.00,0.00,0.00
Greece,GRC,,,NAT_TOTAL,20200207,0.00,,0.00,,0.00,,0.00,,0.00,,0.00,,0.00,,0.00,0.00,,0.00,0.00,0.00,0.00,,0.00,0.00,0.00,0.00,0.00,,0.00,,,0,0,0.00,0.00,0.00,0.00,0.00,0.00,0.00,0.00,0.00,0.00
Greece,GRC,,,NAT_TOTAL,20200208,0.00,,0.00,,0.00,,0.00,,0.00,,0.00,,0.00,,0.00,0.00,,0.00,0.00,0.00,0.00,,0.00,0.00,0.00,0.00,0.00,,0.00,,,0,0,0.00,0.00,0.00,0.00,0.00,0.00,0.00,0.00,0.00,0.00
Greece,GRC,,,NAT_TOTAL,20200209,0.00,,0.00,,0.00,,0.00,,0.00,,0.00,,0.00,,0.00,0.00,,0.00,0.00,0.00,0.00,,0.00,0.00,0.00,0.00,0.00,,0.00,,,0,0,0.00,0.00,0.00,0.00,0.00,0.00,0.00,0.00,0.00,0.00
Greece,GRC,,,NAT_TOTAL,20200210,0.00,,0.00,,0.00,,0.00,,0.00,,0.00,,0.00,,0.00,0.00,,0.00,0.00,0.00,0.00,,0.00,0.00,0.00,0.00,0.00,,0.00,,,0,0,0.00,0.00,0.00,0.00,0.00,0.00,0.00,0.00,0.00,0.00
Greece,GRC,,,NAT_TOTAL,20200211,0.00,,0.00,,0.00,,0.00,,0.00,,0.00,,0.00,,0.00,0.00,,0.00,0.00,0.00,0.00,,0.00,0.00,0.00,0.00,0.00,,0.00,,,0,0,0.00,0.00,0.00,0.00,0.00,0.00,0.00,0.00,0.00,0.00
Greece,GRC,,,NAT_TOTAL,20200212,0.00,,0.00,,0.00,,0.00,,0.00,,0.00,,0.00,,0.00,0.00,,0.00,0.00,0.00,0.00,,0.00,0.00,0.00,0.00,0.00,,0.00,,,0,0,0.00,0.00,0.00,0.00,0.00,0.00,0.00,0.00,0.00,0.00
Greece,GRC,,,NAT_TOTAL,20200213,0.00,,0.00,,0.00,,0.00,,0.00,,0.00,,0.00,,0.00,0.00,,0.00,0.00,0.00,0.00,,0.00,0.00,0.00,0.00,0.00,,0.00,,,0,0,0.00,0.00,0.00,0.00,0.00,0.00,0.00,0.00,0.00,0.00
Greece,GRC,,,NAT_TOTAL,20200214,0.00,,0.00,,0.00,,0.00,,0.00,,0.00,,0.00,,0.00,0.00,,0.00,0.00,0.00,0.00,,0.00,0.00,0.00,0.00,0.00,,0.00,,,0,0,0.00,0.00,0.00,0.00,0.00,0.00,0.00,0.00,0.00,0.00
Greece,GRC,,,NAT_TOTAL,20200215,0.00,,0.00,,0.00,,0.00,,0.00,,0.00,,0.00,,0.00,0.00,,0.00,0.00,0.00,0.00,,0.00,0.00,0.00,0.00,0.00,,0.00,,,0,0,0.00,0.00,0.00,0.00,0.00,0.00,0.00,0.00,0.00,0.00
Greece,GRC,,,NAT_TOTAL,20200216,0.00,,0.00,,0.00,,0.00,,0.00,,0.00,,0.00,,0.00,0.00,,0.00,0.00,0.00,0.00,,0.00,0.00,0.00,0.00,0.00,,0.00,,,0,0,0.00,0.00,0.00,0.00,0.00,0.00,0.00,0.00,0.00,0.00
Greece,GRC,,,NAT_TOTAL,20200217,0.00,,0.00,,0.00,,0.00,,0.00,,0.00,,0.00,,0.00,0.00,,0.00,0.00,0.00,0.00,,0.00,0.00,0.00,0.00,0.00,,0.00,,,0,0,0.00,0.00,0.00,0.00,0.00,0.00,0.00,0.00,0.00,0.00
Greece,GRC,,,NAT_TOTAL,20200218,0.00,,0.00,,0.00,,0.00,,0.00,,0.00,,0.00,,0.00,0.00,,0.00,0.00,0.00,0.00,,0.00,0.00,0.00,0.00,0.00,,0.00,,,0,0,0.00,0.00,0.00,0.00,0.00,0.00,0.00,0.00,0.00,0.00
Greece,GRC,,,NAT_TOTAL,20200219,0.00,,0.00,,0.00,,0.00,,0.00,,0.00,,0.00,,0.00,0.00,,0.00,0.00,0.00,0.00,,0.00,0.00,0.00,0.00,0.00,,0.00,,,0,0,0.00,0.00,0.00,0.00,0.00,0.00,0.00,0.00,0.00,0.00
Greece,GRC,,,NAT_TOTAL,20200220,0.00,,0.00,,0.00,,0.00,,0.00,,0.00,,0.00,,0.00,0.00,,0.00,0.00,0.00,0.00,,0.00,0.00,0.00,0.00,0.00,,0.00,,,0,0,0.00,0.00,0.00,0.00,0.00,0.00,0.00,0.00,0.00,0.00
Greece,GRC,,,NAT_TOTAL,20200221,0.00,,0.00,,0.00,,0.00,,0.00,,0.00,,0.00,,0.00,0.00,,0.00,0.00,0.00,0.00,,0.00,0.00,0.00,0.00,0.00,,0.00,,,0,0,0.00,0.00,0.00,0.00,0.00,0.00,0.00,0.00,0.00,0.00
Greece,GRC,,,NAT_TOTAL,20200222,0.00,,0.00,,0.00,,0.00,,0.00,,0.00,,0.00,,0.00,0.00,,0.00,0.00,0.00,0.00,,0.00,0.00,0.00,0.00,0.00,,0.00,,,0,0,0.00,0.00,0.00,0.00,0.00,0.00,0.00,0.00,0.00,0.00
Greece,GRC,,,NAT_TOTAL,20200223,0.00,,0.00,,0.00,,0.00,,0.00,,0.00,,0.00,,0.00,0.00,,0.00,0.00,0.00,0.00,,0.00,0.00,0.00,0.00,0.00,,0.00,,,0,0,0.00,0.00,0.00,0.00,0.00,0.00,0.00,0.00,0.00,0.00
Greece,GRC,,,NAT_TOTAL,20200224,0.00,,0.00,,0.00,,0.00,,0.00,,0.00,,0.00,,0.00,0.00,,0.00,0.00,0.00,0.00,,0.00,0.00,0.00,0.00,0.00,,0.00,,,0,0,0.00,0.00,0.00,0.00,0.00,0.00,0.00,0.00,0.00,0.00
Greece,GRC,,,NAT_TOTAL,20200225,0.00,,0.00,,0.00,,0.00,,0.00,,0.00,,0.00,,0.00,0.00,,0.00,0.00,0.00,2.00,1,0.00,0.00,0.00,0.00,0.00,,0.00,,,0,0,11.11,11.11,14.29,14.29,6.67,6.67,7.69,7.69,0.00,0.00
Greece,GRC,,,NAT_TOTAL,20200226,0.00,,0.00,,0.00,,0.00,,0.00,,0.00,,0.00,,0.00,0.00,,0.00,0.00,0.00,2.00,1,0.00,0.00,0.00,0.00,0.00,,0.00,,,1,0,11.11,11.11,14.29,14.29,6.67,6.67,7.69,7.69,0.00,0.00
Greece,GRC,,,NAT_TOTAL,20200227,0.00,,0.00,,0.00,,0.00,,0.00,,0.00,,0.00,,0.00,0.00,,0.00,0.00,0.00,2.00,1,0.00,0.00,0.00,0.00,0.00,,0.00,,,3,0,11.11,11.11,14.29,14.29,6.67,6.67,7.69,7.69,0.00,0.00
Greece,GRC,,,NAT_TOTAL,20200228,0.00,,0.00,,0.00,,0.00,,0.00,,0.00,,0.00,,0.00,0.00,,0.00,0.00,0.00,2.00,1,0.00,0.00,0.00,0.00,0.00,,0.00,,,4,0,11.11,11.11,14.29,14.29,6.67,6.67,7.69,7.69,0.00,0.00
Greece,GRC,,,NAT_TOTAL,20200229,0.00,,0.00,,2.00,0,0.00,,0.00,,0.00,,0.00,,0.00,0.00,,0.00,0.00,0.00,2.00,1,0.00,0.00,0.00,0.00,0.00,,0.00,,,4,0,19.44,19.44,23.81,23.81,11.67,11.67,13.46,13.46,0.00,0.00
Greece,GRC,,,NAT_TOTAL,20200301,0.00,,0.00,,2.00,0,0.00,,0.00,,0.00,,0.00,,0.00,0.00,,0.00,0.00,0.00,2.00,1,0.00,0.00,0.00,0.00,0.00,,0.00,,,7,0,19.44,19.44,23.81,23.81,11.67,11.67,13.46,13.46,0.00,0.00
Greece,GRC,,,NAT_TOTAL,20200302,0.00,,0.00,,2.00,0,0.00,,0.00,,0.00,,0.00,,0.00,0.00,,0.00,0.00,0.00,2.00,1,0.00,0.00,0.00,0.00,0.00,,0.00,,,7,0,19.44,19.44,23.81,23.81,11.67,11.67,13.46,13.46,0.00,0.00
Greece,GRC,,,NAT_TOTAL,20200303,0.00,,0.00,,2.00,0,0.00,,0.00,,0.00,,0.00,,0.00,0.00,,0.00,0.00,0.00,2.00,1,0.00,0.00,0.00,0.00,0.00,,0.00,,,7,0,19.44,19.44,23.81,23.81,11.67,11.67,13.46,13.46,0.00,0.00
Greece,GRC,,,NAT_TOTAL,20200304,0.00,,0.00,,2.00,0,0.00,,0.00,,0.00,,0.00,,0.00,0.00,,0.00,0.00,0.00,2.00,1,0.00,0.00,0.00,0.00,0.00,,0.00,,,9,0,19.44,19.44,23.81,23.81,11.67,11.67,13.46,13.46,0.00,0.00
Greece,GRC,,,NAT_TOTAL,20200305,3.00,0,0.00,,2.00,0,0.00,,0.00,,0.00,,0.00,,0.00,0.00,,0.00,0.00,0.00,2.00,1,0.00,0.00,0.00,0.00,0.00,,0.00,,,31,0,28.70,28.70,34.52,34.52,17.22,17.22,19.87,19.87,0.00,0.00
Greece,GRC,,,NAT_TOTAL,20200306,3.00,0,0.00,,2.00,0,0.00,,0.00,,0.00,,0.00,,0.00,0.00,,0.00,0.00,0.00,2.00,1,0.00,0.00,0.00,0.00,0.00,,0.00,,,45,0,28.70,28.70,34.52,34.52,17.22,17.22,19.87,19.87,0.00,0.00
Greece,GRC,,,NAT_TOTAL,20200307,3.00,0,0.00,,2.00,0,0.00,,0.00,,0.00,,0.00,,0.00,0.00,,0.00,0.00,0.00,2.00,1,0.00,0.00,0.00,0.00,0.00,,0.00,,,46,0,28.70,28.70,34.52,34.52,17.22,17.22,19.87,19.87,0.00,0.00
Greece,GRC,,,NAT_TOTAL,20200308,3.00,0,0.00,,2.00,0,0.00,,0.00,,0.00,,0.00,,0.00,0.00,,0.00,0.00,0.00,2.00,1,0.00,0.00,0.00,0.00,0.00,,0.00,,,73,0,28.70,28.70,34.52,34.52,17.22,17.22,19.87,19.87,0.00,0.00
Greece,GRC,,,NAT_TOTAL,20200309,3.00,0,0.00,,2.00,1,0.00,,0.00,,0.00,,0.00,,0.00,0.00,,0.00,0.00,0.00,2.00,1,0.00,0.00,0.00,0.00,0.00,,0.00,,,73,0,31.48,31.48,39.29,39.29,18.89,18.89,21.79,21.79,0.00,0.00
Greece,GRC,,,NAT_TOTAL,20200310,3.00,1,0.00,,2.00,1,0.00,,0.00,,0.00,,0.00,,0.00,0.00,,0.00,0.00,0.00,2.00,1,0.00,0.00,0.00,0.00,0.00,,0.00,,,89,0,33.33,33.33,42.86,42.86,20.00,20.00,23.08,23.08,0.00,0.00
Greece,GRC,,,NAT_TOTAL,20200311,3.00,1,0.00,,2.00,1,0.00,,0.00,,0.00,,0.00,,0.00,0.00,,0.00,0.00,0.00,2.00,1,0.00,0.00,0.00,0.00,0.00,,0.00,,,99,1,33.33,33.33,42.86,42.86,20.00,20.00,23.08,23.08,0.00,0.00
Greece,GRC,,,NAT_TOTAL,20200312,3.00,1,2.00,1,2.00,1,0.00,,0.00,,0.00,,0.00,,0.00,0.00,,0.00,0.00,0.00,2.00,1,0.00,0.00,0.00,0.00,0.00,,0.00,,,99,1,40.74,40.74,53.57,53.57,24.44,24.44,28.21,28.21,0.00,0.00
Greece,GRC,,,NAT_TOTAL,20200313,3.00,1,2.00,1,2.00,1,0.00,,0.00,,0.00,,0.00,,0.00,0.00,,0.00,0.00,0.00,2.00,1,0.00,0.00,0.00,0.00,0.00,,0.00,,,190,1,40.74,40.74,53.57,53.57,24.44,24.44,28.21,28.21,0.00,0.00
Greece,GRC,,,NAT_TOTAL,20200314,3.00,1,2.00,1,2.00,1,0.00,,1.00,1,0.00,,0.00,,3.00,0.00,,0.00,0.00,0.00,2.00,1,0.00,0.00,0.00,0.00,0.00,,0.00,,,228,3,54.63,54.63,73.81,73.81,32.78,32.78,37.82,37.82,0.00,0.00
Greece,GRC,,,NAT_TOTAL,20200315,3.00,1,2.00,1,2.00,1,0.00,,1.00,1,0.00,,0.00,,3.00,0.00,,0.00,0.00,0.00,2.00,1,0.00,0.00,0.00,0.00,0.00,,0.00,,,331,4,54.63,54.63,73.81,73.81,32.78,32.78,37.82,37.82,0.00,0.00
Greece,GRC,,,NAT_TOTAL,20200316,3.00,1,2.00,1,2.00,1,0.00,,1.00,1,0.00,,0.00,,3.00,0.00,,0.00,0.00,0.00,2.00,1,0.00,0.00,0.00,0.00,0.00,,0.00,,,331,4,54.63,54.63,73.81,73.81,32.78,32.78,37.82,37.82,0.00,0.00
Greece,GRC,,,NAT_TOTAL,20200317,3.00,1,2.00,1,2.00,1,0.00,,1.00,1,0.00,,0.00,,3.00,0.00,,0.00,0.00,0.00,2.00,1,0.00,0.00,0.00,0.00,0.00,,0.00,,,387,5,54.63,54.63,73.81,73.81,32.78,32.78,37.82,37.82,0.00,0.00
Greece,GRC,,,NAT_TOTAL,20200318,3.00,1,2.00,1,2.00,1,4.00,1,1.00,1,0.00,,0.00,,3.00,1.00,0,0.00,4118246200.00,0.00,2.00,1,0.00,0.00,0.00,0.00,0.00,,0.00,,,418,5,65.74,65.74,73.81,73.81,41.11,41.11,45.51,45.51,12.50,12.50
Greece,GRC,,,NAT_TOTAL,20200319,3.00,1,2.00,1,2.00,1,4.00,1,1.00,1,0.00,,0.00,,3.00,1.00,0,0.00,3200000000.00,0.00,2.00,1,0.00,0.00,0.00,0.00,0.00,,0.00,,,418,6,65.74,65.74,73.81,73.81,41.11,41.11,45.51,45.51,12.50,12.50
Greece,GRC,,,NAT_TOTAL,20200320,3.00,1,2.00,1,2.00,1,4.00,1,1.00,1,0.00,,0.00,,3.00,1.00,0,0.00,0.00,0.00,2.00,1,0.00,0.00,0.00,0.00,0.00,,0.00,,,495,6,65.74,65.74,73.81,73.81,41.11,41.11,45.51,45.51,12.50,12.50
Greece,GRC,,,NAT_TOTAL,20200321,3.00,1,2.00,1,2.00,1,4.00,1,1.00,1,0.00,,2.00,0,3.00,1.00,0,0.00,0.00,0.00,2.00,1,0.00,0.00,0.00,0.00,0.00,,0.00,,,530,13,74.07,74.07,83.33,83.33,46.11,46.11,51.28,51.28,12.50,12.50
Greece,GRC,,,NAT_TOTAL,20200322,3.00,1,2.00,1,2.00,1,4.00,1,1.00,1,0.00,,2.00,0,3.00,1.00,0,0.00,0.00,0.00,2.00,1,0.00,0.00,0.00,0.00,0.00,,0.00,,,624,15,74.07,74.07,83.33,83.33,46.11,46.11,51.28,51.28,12.50,12.50
Greece,GRC,,,NAT_TOTAL,20200323,3.00,1,2.00,1,2.00,1,4.00,1,1.00,1,2.00,1,2.00,1,3.00,1.00,0,0.00,0.00,0.00,2.00,1,0.00,0.00,0.00,0.00,0.00,,0.00,,,695,17,84.26,84.26,88.10,88.10,52.22,52.22,58.33,58.33,12.50,12.50
Greece,GRC,,,NAT_TOTAL,20200324,3.00,1,2.00,1,2.00,1,4.00,1,1.00,1,2.00,1,2.00,1,3.00,1.00,0,0.00,0.00,0.00,2.00,1,0.00,0.00,0.00,0.00,0.00,,0.00,,,743,20,84.26,84.26,88.10,88.10,52.22,52.22,58.33,58.33,12.50,12.50
Greece,GRC,,,NAT_TOTAL,20200325,3.00,1,2.00,1,2.00,1,4.00,1,1.00,1,2.00,1,2.00,1,3.00,1.00,1,1.00,0.00,0.00,2.00,1,0.00,0.00,0.00,0.00,0.00,,0.00,,,821,22,84.26,84.26,88.10,88.10,57.22,57.22,58.33,58.33,50.00,50.00
Greece,GRC,,,NAT_TOTAL,20200326,3.00,1,2.00,1,2.00,1,4.00,1,1.00,1,2.00,1,2.00,1,3.00,1.00,1,1.00,0.00,0.00,2.00,1,0.00,0.00,0.00,0.00,0.00,,0.00,,,892,26,84.26,84.26,88.10,88.10,57.22,57.22,58.33,58.33,50.00,50.00
Greece,GRC,,,NAT_TOTAL,20200327,3.00,1,2.00,1,2.00,1,4.00,1,1.00,1,2.00,1,2.00,1,3.00,1.00,1,1.00,0.00,0.00,2.00,1,0.00,0.00,0.00,0.00,0.00,,0.00,,,966,28,84.26,84.26,88.10,88.10,57.22,57.22,58.33,58.33,50.00,50.00
Greece,GRC,,,NAT_TOTAL,20200328,3.00,1,2.00,1,2.00,1,4.00,1,1.00,1,2.00,1,2.00,1,3.00,1.00,1,1.00,0.00,0.00,2.00,1,0.00,0.00,0.00,0.00,0.00,,0.00,,,1061,32,84.26,84.26,88.10,88.10,57.22,57.22,58.33,58.33,50.00,50.00
Greece,GRC,,,NAT_TOTAL,20200329,3.00,1,2.00,1,2.00,1,4.00,1,1.00,1,2.00,1,2.00,1,3.00,1.00,1,1.00,0.00,0.00,2.00,1,0.00,0.00,0.00,0.00,0.00,,0.00,,,1156,38,84.26,84.26,88.10,88.10,57.22,57.22,58.33,58.33,50.00,50.00
Greece,GRC,,,NAT_TOTAL,20200330,3.00,1,2.00,1,2.00,1,4.00,1,1.00,1,2.00,1,2.00,1,3.00,1.00,1,1.00,0.00,0.00,2.00,1,0.00,0.00,0.00,0.00,0.00,,0.00,,,1212,43,84.26,84.26,88.10,88.10,57.22,57.22,58.33,58.33,50.00,50.00
Greece,GRC,,,NAT_TOTAL,20200331,3.00,1,2.00,1,2.00,1,4.00,1,1.00,1,2.00,1,2.00,1,3.00,1.00,1,1.00,0.00,0.00,2.00,1,0.00,0.00,0.00,0.00,0.00,,0.00,,,1314,49,84.26,84.26,88.10,88.10,57.22,57.22,58.33,58.33,50.00,50.00
Greece,GRC,,,NAT_TOTAL,20200401,3.00,1,2.00,1,2.00,1,4.00,1,1.00,1,2.00,1,2.00,1,3.00,1.00,1,1.00,0.00,0.00,2.00,1,0.00,0.00,0.00,0.00,0.00,,0.00,,,1415,50,84.26,84.26,88.10,88.10,57.22,57.22,58.33,58.33,50.00,50.00
Greece,GRC,,,NAT_TOTAL,20200402,3.00,1,2.00,1,2.00,1,4.00,1,1.00,1,2.00,1,2.00,1,3.00,1.00,1,1.00,0.00,0.00,2.00,1,0.00,0.00,0.00,0.00,0.00,,0.00,,,1544,53,84.26,84.26,88.10,88.10,57.22,57.22,58.33,58.33,50.00,50.00
Greece,GRC,,,NAT_TOTAL,20200403,3.00,1,2.00,1,2.00,1,4.00,1,1.00,1,2.00,1,2.00,1,3.00,1.00,1,1.00,0.00,0.00,2.00,1,0.00,0.00,0.00,0.00,0.00,,0.00,,,1613,63,84.26,84.26,88.10,88.10,57.22,57.22,58.33,58.33,50.00,50.00
Greece,GRC,,,NAT_TOTAL,20200404,3.00,1,2.00,1,2.00,1,4.00,1,1.00,1,2.00,1,2.00,1,3.00,1.00,1,1.00,0.00,0.00,2.00,1,0.00,0.00,0.00,0.00,0.00,,0.00,,,1673,68,84.26,84.26,88.10,88.10,57.22,57.22,58.33,58.33,50.00,50.00
Greece,GRC,,,NAT_TOTAL,20200405,3.00,1,2.00,1,2.00,1,4.00,1,1.00,1,2.00,1,2.00,1,3.00,1.00,1,1.00,0.00,0.00,2.00,1,0.00,0.00,0.00,0.00,0.00,,0.00,,,1735,73,84.26,84.26,88.10,88.10,57.22,57.22,58.33,58.33,50.00,50.00
Greece,GRC,,,NAT_TOTAL,20200406,3.00,1,2.00,1,2.00,1,4.00,1,1.00,1,2.00,1,2.00,1,3.00,1.00,1,1.00,0.00,0.00,2.00,1,0.00,0.00,0.00,0.00,0.00,,0.00,,,1755,79,84.26,84.26,88.10,88.10,57.22,57.22,58.33,58.33,50.00,50.00
Greece,GRC,,,NAT_TOTAL,20200407,3.00,1,2.00,1,2.00,1,4.00,1,1.00,1,2.00,1,2.00,1,3.00,1.00,1,1.00,0.00,0.00,2.00,1,0.00,0.00,0.00,0.00,0.00,,0.00,,,1832,81,84.26,84.26,88.10,88.10,57.22,57.22,58.33,58.33,50.00,50.00
Greece,GRC,,,NAT_TOTAL,20200408,3.00,1,2.00,1,2.00,1,4.00,1,1.00,1,2.00,1,2.00,1,3.00,1.00,1,1.00,0.00,0.00,2.00,1,2.00,0.00,0.00,0.00,0.00,,0.00,,,1884,83,84.26,84.26,88.10,88.10,61.67,61.67,63.46,63.46,50.00,50.00
Greece,GRC,,,NAT_TOTAL,20200409,3.00,1,2.00,1,2.00,1,4.00,1,1.00,1,2.00,1,2.00,1,3.00,1.00,1,1.00,0.00,0.00,2.00,1,2.00,0.00,0.00,0.00,0.00,,0.00,,,1955,87,84.26,84.26,88.10,88.10,61.67,61.67,63.46,63.46,50.00,50.00
Greece,GRC,,,NAT_TOTAL,20200410,3.00,1,2.00,1,2.00,1,4.00,1,1.00,1,2.00,1,2.00,1,3.00,1.00,1,1.00,0.00,0.00,2.00,1,2.00,0.00,0.00,0.00,0.00,,0.00,,,2011,92,84.26,84.26,88.10,88.10,61.67,61.67,63.46,63.46,50.00,50.00
Greece,GRC,,,NAT_TOTAL,20200411,3.00,1,2.00,1,2.00,1,4.00,1,1.00,1,2.00,1,2.00,1,3.00,1.00,1,1.00,0.00,0.00,2.00,1,2.00,0.00,0.00,0.00,0.00,,0.00,,,2081,93,84.26,84.26,88.10,88.10,61.67,61.67,63.46,63.46,50.00,50.00
Greece,GRC,,,NAT_TOTAL,20200412,3.00,1,2.00,1,2.00,1,4.00,1,1.00,1,2.00,1,2.00,1,3.00,1.00,1,1.00,0.00,0.00,2.00,1,2.00,0.00,0.00,0.00,0.00,,0.00,,,2114,98,84.26,84.26,88.10,88.10,61.67,61.67,63.46,63.46,50.00,50.00
Greece,GRC,,,NAT_TOTAL,20200413,3.00,1,2.00,1,2.00,1,4.00,1,1.00,1,2.00,1,2.00,1,3.00,1.00,1,1.00,0.00,0.00,2.00,1,2.00,0.00,0.00,0.00,0.00,,0.00,,,2145,99,84.26,84.26,88.10,88.10,61.67,61.67,63.46,63.46,50.00,50.00
Greece,GRC,,,NAT_TOTAL,20200414,3.00,1,2.00,1,2.00,1,4.00,1,1.00,1,2.00,1,2.00,1,3.00,1.00,1,1.00,0.00,0.00,2.00,1,2.00,0.00,0.00,0.00,0.00,,0.00,,,2170,101,84.26,84.26,88.10,88.10,61.67,61.67,63.46,63.46,50.00,50.00
Greece,GRC,,,NAT_TOTAL,20200415,3.00,1,2.00,1,2.00,1,4.00,1,1.00,1,2.00,1,2.00,1,3.00,1.00,1,1.00,0.00,0.00,2.00,1,2.00,0.00,0.00,0.00,0.00,,0.00,,,2192,102,84.26,84.26,88.10,88.10,61.67,61.67,63.46,63.46,50.00,50.00
Greece,GRC,,,NAT_TOTAL,20200416,3.00,1,2.00,1,2.00,1,4.00,1,1.00,1,2.00,1,2.00,1,3.00,1.00,1,1.00,0.00,0.00,2.00,1,2.00,0.00,0.00,0.00,0.00,,0.00,,,2207,105,84.26,84.26,88.10,88.10,61.67,61.67,63.46,63.46,50.00,50.00
Greece,GRC,,,NAT_TOTAL,20200417,3.00,1,2.00,1,2.00,1,4.00,1,1.00,1,2.00,1,2.00,1,3.00,1.00,1,1.00,0.00,0.00,2.00,1,2.00,0.00,0.00,0.00,0.00,,0.00,,,2224,108,84.26,84.26,88.10,88.10,61.67,61.67,63.46,63.46,50.00,50.00
Greece,GRC,,,NAT_TOTAL,20200418,3.00,1,2.00,1,2.00,1,4.00,1,1.00,1,2.00,1,2.00,1,3.00,1.00,1,1.00,0.00,0.00,2.00,1,2.00,0.00,0.00,0.00,0.00,,0.00,,,2235,110,84.26,84.26,88.10,88.10,61.67,61.67,63.46,63.46,50.00,50.00
Greece,GRC,,,NAT_TOTAL,20200419,3.00,1,2.00,1,2.00,1,4.00,1,1.00,1,2.00,1,2.00,1,3.00,1.00,1,1.00,0.00,0.00,2.00,1,2.00,0.00,0.00,0.00,0.00,,0.00,,,2235,113,84.26,84.26,88.10,88.10,61.67,61.67,63.46,63.46,50.00,50.00
Greece,GRC,,,NAT_TOTAL,20200420,3.00,1,2.00,1,2.00,1,4.00,1,1.00,1,2.00,1,2.00,1,3.00,1.00,1,1.00,0.00,0.00,2.00,1,2.00,0.00,0.00,0.00,0.00,,0.00,,,2245,116,84.26,84.26,88.10,88.10,61.67,61.67,63.46,63.46,50.00,50.00
Greece,GRC,,,NAT_TOTAL,20200421,3.00,1,2.00,1,2.00,1,4.00,1,1.00,1,2.00,1,2.00,1,3.00,1.00,1,1.00,0.00,0.00,2.00,1,2.00,0.00,0.00,0.00,0.00,,0.00,,,2401,121,84.26,84.26,88.10,88.10,61.67,61.67,63.46,63.46,50.00,50.00
Greece,GRC,,,NAT_TOTAL,20200422,3.00,1,2.00,1,2.00,1,4.00,1,1.00,1,2.00,1,2.00,1,3.00,1.00,1,1.00,0.00,0.00,2.00,1,2.00,0.00,0.00,0.00,0.00,,0.00,,,2408,121,84.26,84.26,88.10,88.10,61.67,61.67,63.46,63.46,50.00,50.00
Greece,GRC,,,NAT_TOTAL,20200423,3.00,1,2.00,1,2.00,1,4.00,1,1.00,1,2.00,1,2.00,1,3.00,1.00,1,1.00,0.00,0.00,2.00,1,2.00,0.00,0.00,0.00,0.00,,0.00,,,2463,125,84.26,84.26,88.10,88.10,61.67,61.67,63.46,63.46,50.00,50.00
Greece,GRC,,,NAT_TOTAL,20200424,3.00,1,2.00,1,2.00,1,4.00,1,1.00,1,2.00,1,2.00,1,3.00,1.00,1,1.00,0.00,0.00,2.00,1,2.00,0.00,0.00,0.00,0.00,,0.00,,,2490,130,84.26,84.26,88.10,88.10,61.67,61.67,63.46,63.46,50.00,50.00
Greece,GRC,,,NAT_TOTAL,20200425,3.00,1,2.00,1,2.00,1,4.00,1,1.00,1,2.00,1,2.00,1,3.00,1.00,1,1.00,0.00,0.00,2.00,1,2.00,0.00,0.00,0.00,0.00,,0.00,,,2506,130,84.26,84.26,88.10,88.10,61.67,61.67,63.46,63.46,50.00,50.00
Greece,GRC,,,NAT_TOTAL,20200426,3.00,1,2.00,1,2.00,1,4.00,1,1.00,1,2.00,1,2.00,1,3.00,1.00,1,1.00,0.00,0.00,2.00,1,2.00,0.00,0.00,0.00,0.00,,0.00,,,2517,134,84.26,84.26,88.10,88.10,61.67,61.67,63.46,63.46,50.00,50.00
Greece,GRC,,,NAT_TOTAL,20200427,3.00,1,2.00,1,2.00,1,4.00,1,1.00,1,2.00,1,2.00,1,3.00,1.00,1,1.00,0.00,0.00,2.00,1,2.00,0.00,0.00,0.00,0.00,,0.00,,,2534,136,84.26,84.26,88.10,88.10,61.67,61.67,63.46,63.46,50.00,50.00
Greece,GRC,,,NAT_TOTAL,20200428,3.00,1,2.00,1,2.00,1,4.00,1,1.00,1,2.00,1,2.00,1,3.00,1.00,1,1.00,0.00,0.00,2.00,1,2.00,0.00,0.00,0.00,1.00,1,0.00,,,2566,138,84.26,84.26,88.10,88.10,63.33,63.33,65.38,65.38,50.00,50.00
Greece,GRC,,,NAT_TOTAL,20200429,3.00,1,2.00,1,2.00,1,4.00,1,1.00,1,2.00,1,2.00,1,3.00,1.00,1,1.00,0.00,0.00,2.00,1,2.00,0.00,0.00,0.00,1.00,1,0.00,,,2576,139,84.26,84.26,88.10,88.10,63.33,63.33,65.38,65.38,50.00,50.00
Greece,GRC,,,NAT_TOTAL,20200430,3.00,1,2.00,1,2.00,1,4.00,1,1.00,1,2.00,1,2.00,1,3.00,1.00,1,1.00,0.00,0.00,2.00,1,2.00,0.00,0.00,0.00,1.00,1,0.00,,,2591,140,84.26,84.26,88.10,88.10,63.33,63.33,65.38,65.38,50.00,50.00
Greece,GRC,,,NAT_TOTAL,20200501,3.00,1,2.00,1,2.00,1,4.00,1,1.00,1,2.00,1,2.00,1,3.00,1.00,1,1.00,0.00,0.00,2.00,1,2.00,0.00,0.00,0.00,1.00,1,0.00,,,2612,140,84.26,84.26,88.10,88.10,63.33,63.33,65.38,65.38,50.00,50.00
Greece,GRC,,,NAT_TOTAL,20200502,3.00,1,2.00,1,2.00,1,4.00,1,1.00,1,2.00,1,2.00,1,3.00,1.00,1,1.00,0.00,0.00,2.00,1,2.00,0.00,0.00,0.00,1.00,1,0.00,,,2620,143,84.26,84.26,88.10,88.10,63.33,63.33,65.38,65.38,50.00,50.00
Greece,GRC,,,NAT_TOTAL,20200503,3.00,1,2.00,1,2.00,1,4.00,1,1.00,1,2.00,1,2.00,1,3.00,1.00,1,1.00,0.00,0.00,2.00,1,2.00,0.00,0.00,0.00,1.00,1,0.00,,,2626,144,84.26,84.26,88.10,88.10,63.33,63.33,65.38,65.38,50.00,50.00
Greece,GRC,,,NAT_TOTAL,20200504,3.00,1,2.00,1,2.00,1,4.00,1,1.00,1,2.00,1,2.00,0,3.00,1.00,1,1.00,0.00,0.00,2.00,1,2.00,0.00,0.00,3242505.00,2.00,1,0.00,,,2632,146,81.48,81.48,84.52,84.52,63.33,63.33,65.38,65.38,50.00,50.00
Greece,GRC,,,NAT_TOTAL,20200505,3.00,1,1.00,1,2.00,0,3.00,1,1.00,1,2.00,1,2.00,0,3.00,1.00,1,1.00,0.00,0.00,2.00,1,2.00,0.00,0.00,0.00,2.00,1,0.00,,,2642,146,72.22,72.22,78.10,78.10,57.78,57.78,58.97,58.97,50.00,50.00
Greece,GRC,,,NAT_TOTAL,20200506,3.00,1,1.00,1,2.00,0,3.00,1,1.00,1,2.00,1,2.00,0,3.00,1.00,1,1.00,0.00,0.00,2.00,1,2.00,0.00,2681004.00,0.00,2.00,1,0.00,,,2663,147,72.22,72.22,78.10,78.10,57.78,57.78,58.97,58.97,50.00,50.00
Greece,GRC,,,NAT_TOTAL,20200507,3.00,1,1.00,1,2.00,0,3.00,1,1.00,1,2.00,1,2.00,0,3.00,1.00,1,1.00,0.00,0.00,2.00,1,2.00,0.00,0.00,0.00,2.00,1,0.00,,,2678,148,72.22,72.22,78.10,78.10,57.78,57.78,58.97,58.97,50.00,50.00
Greece,GRC,,,NAT_TOTAL,20200508,3.00,1,1.00,1,2.00,0,3.00,1,1.00,1,2.00,1,2.00,0,3.00,1.00,1,1.00,0.00,0.00,2.00,1,2.00,0.00,0.00,0.00,2.00,1,0.00,,,2691,150,72.22,72.22,78.10,78.10,57.78,57.78,58.97,58.97,50.00,50.00
Greece,GRC,,,NAT_TOTAL,20200509,3.00,1,1.00,1,2.00,0,3.00,1,1.00,1,2.00,1,2.00,0,3.00,1.00,1,1.00,0.00,0.00,2.00,1,2.00,0.00,0.00,0.00,2.00,1,0.00,,,2710,151,72.22,72.22,78.10,78.10,57.78,57.78,58.97,58.97,50.00,50.00
Greece,GRC,,,NAT_TOTAL,20200510,3.00,1,1.00,1,2.00,0,3.00,1,1.00,1,2.00,1,2.00,0,3.00,1.00,1,1.00,0.00,0.00,2.00,1,2.00,0.00,0.00,0.00,2.00,1,0.00,,,2716,151,72.22,72.22,78.10,78.10,57.78,57.78,58.97,58.97,50.00,50.00
Greece,GRC,,,NAT_TOTAL,20200511,2.00,1,1.00,1,2.00,0,3.00,1,1.00,1,2.00,1,2.00,0,3.00,1.00,1,1.00,0.00,0.00,2.00,1,2.00,0.00,0.00,0.00,2.00,1,0.00,,,2726,151,68.52,68.52,74.52,74.52,55.56,55.56,56.41,56.41,50.00,50.00
Greece,GRC,,,NAT_TOTAL,20200512,2.00,1,1.00,1,2.00,0,3.00,1,1.00,1,2.00,1,2.00,0,3.00,1.00,1,1.00,0.00,0.00,2.00,1,2.00,0.00,0.00,0.00,2.00,1,0.00,,,2744,152,68.52,68.52,74.52,74.52,55.56,55.56,56.41,56.41,50.00,50.00
Greece,GRC,,,NAT_TOTAL,20200513,2.00,1,1.00,1,2.00,0,3.00,1,1.00,1,2.00,1,2.00,0,3.00,1.00,1,1.00,0.00,0.00,2.00,1,2.00,0.00,0.00,0.00,2.00,1,0.00,,,2760,155,68.52,68.52,74.52,74.52,55.56,55.56,56.41,56.41,50.00,50.00
Greece,GRC,,,NAT_TOTAL,20200514,2.00,1,1.00,1,2.00,0,3.00,1,1.00,1,2.00,1,2.00,0,3.00,1.00,1,1.00,0.00,0.00,2.00,1,2.00,0.00,0.00,0.00,2.00,1,0.00,,,2770,156,68.52,68.52,74.52,74.52,55.56,55.56,56.41,56.41,50.00,50.00
Greece,GRC,,,NAT_TOTAL,20200515,2.00,1,1.00,1,2.00,0,3.00,1,1.00,1,2.00,1,2.00,0,3.00,1.00,1,1.00,0.00,0.00,2.00,1,2.00,0.00,0.00,0.00,2.00,1,0.00,,,2810,160,68.52,68.52,74.52,74.52,55.56,55.56,56.41,56.41,50.00,50.00
Greece,GRC,,,NAT_TOTAL,20200516,2.00,1,1.00,1,2.00,0,3.00,1,1.00,1,2.00,1,2.00,0,3.00,1.00,1,1.00,0.00,0.00,2.00,1,2.00,0.00,0.00,0.00,2.00,1,0.00,,,2819,162,68.52,68.52,74.52,74.52,55.56,55.56,56.41,56.41,50.00,50.00
Greece,GRC,,,NAT_TOTAL,20200517,2.00,1,1.00,1,2.00,0,3.00,1,1.00,1,2.00,1,2.00,0,3.00,1.00,1,1.00,0.00,0.00,2.00,1,2.00,0.00,0.00,0.00,2.00,1,0.00,,,2834,163,68.52,68.52,74.52,74.52,55.56,55.56,56.41,56.41,50.00,50.00
Greece,GRC,,,NAT_TOTAL,20200518,2.00,1,1.00,1,2.00,0,3.00,1,1.00,1,2.00,1,2.00,0,3.00,1.00,1,1.00,0.00,0.00,2.00,1,2.00,0.00,0.00,0.00,2.00,1,0.00,,,2836,165,68.52,68.52,74.52,74.52,55.56,55.56,56.41,56.41,50.00,50.00
Greece,GRC,,,NAT_TOTAL,20200519,2.00,1,1.00,1,2.00,0,3.00,1,1.00,1,2.00,1,2.00,0,3.00,1.00,1,1.00,0.00,0.00,2.00,1,2.00,0.00,0.00,0.00,2.00,1,0.00,,,2840,165,68.52,68.52,74.52,74.52,55.56,55.56,56.41,56.41,50.00,50.00
Greece,GRC,,,NAT_TOTAL,20200520,2.00,1,1.00,1,2.00,0,3.00,1,1.00,1,2.00,1,2.00,0,3.00,1.00,1,1.00,0.00,0.00,2.00,1,2.00,0.00,0.00,0.00,2.00,1,0.00,,,2850,166,68.52,68.52,74.52,74.52,55.56,55.56,56.41,56.41,50.00,50.00
Greece,GRC,,,NAT_TOTAL,20200521,2.00,1,1.00,1,2.00,0,3.00,1,1.00,1,2.00,1,2.00,0,3.00,1.00,1,1.00,0.00,0.00,2.00,1,2.00,0.00,0.00,0.00,2.00,1,0.00,,,2853,168,68.52,68.52,74.52,74.52,55.56,55.56,56.41,56.41,50.00,50.00
Greece,GRC,,,NAT_TOTAL,20200522,2.00,1,1.00,1,2.00,0,3.00,1,1.00,1,2.00,1,2.00,0,3.00,1.00,1,1.00,0.00,0.00,2.00,1,2.00,0.00,0.00,0.00,2.00,1,0.00,,,2874,169,68.52,68.52,74.52,74.52,55.56,55.56,56.41,56.41,50.00,50.00
Greece,GRC,,,NAT_TOTAL,20200523,2.00,1,1.00,1,2.00,0,3.00,1,1.00,1,2.00,1,2.00,0,3.00,1.00,1,1.00,0.00,0.00,2.00,1,2.00,0.00,0.00,0.00,2.00,1,0.00,,,2876,171,68.52,68.52,74.52,74.52,55.56,55.56,56.41,56.41,50.00,50.00
Greece,GRC,,,NAT_TOTAL,20200524,2.00,1,1.00,1,2.00,0,3.00,1,1.00,1,2.00,1,2.00,0,3.00,1.00,1,1.00,0.00,0.00,2.00,1,2.00,0.00,0.00,0.00,2.00,1,0.00,,,2878,171,68.52,68.52,74.52,74.52,55.56,55.56,56.41,56.41,50.00,50.00
Greece,GRC,,,NAT_TOTAL,20200525,2.00,1,1.00,1,2.00,0,3.00,1,1.00,1,2.00,1,2.00,0,3.00,1.00,1,1.00,0.00,0.00,2.00,1,2.00,0.00,0.00,0.00,2.00,1,0.00,,,2882,172,68.52,68.52,74.52,74.52,55.56,55.56,56.41,56.41,50.00,50.00
Greece,GRC,,,NAT_TOTAL,20200526,2.00,1,1.00,1,2.00,0,3.00,1,1.00,1,2.00,1,2.00,0,3.00,1.00,1,1.00,0.00,0.00,2.00,1,2.00,0.00,0.00,0.00,2.00,1,0.00,,,2892,173,68.52,68.52,74.52,74.52,55.56,55.56,56.41,56.41,50.00,50.00
Greece,GRC,,,NAT_TOTAL,20200527,2.00,1,1.00,1,2.00,0,3.00,1,1.00,1,2.00,1,2.00,0,3.00,1.00,1,1.00,0.00,0.00,2.00,1,2.00,0.00,0.00,0.00,2.00,1,0.00,,,2903,173,68.52,68.52,74.52,74.52,55.56,55.56,56.41,56.41,50.00,50.00
Greece,GRC,,,NAT_TOTAL,20200528,2.00,1,1.00,1,2.00,0,3.00,1,1.00,1,2.00,1,2.00,0,3.00,1.00,1,1.00,0.00,0.00,2.00,1,2.00,0.00,0.00,0.00,2.00,1,0.00,,,2906,175,68.52,68.52,74.52,74.52,55.56,55.56,56.41,56.41,50.00,50.00
Greece,GRC,,,NAT_TOTAL,20200529,2.00,1,1.00,1,2.00,0,3.00,1,1.00,1,2.00,1,2.00,0,3.00,1.00,1,1.00,0.00,0.00,2.00,1,2.00,0.00,0.00,0.00,2.00,1,0.00,,,2909,175,68.52,68.52,74.52,74.52,55.56,55.56,56.41,56.41,50.00,50.00
Greece,GRC,,,NAT_TOTAL,20200530,2.00,1,1.00,1,2.00,0,3.00,1,1.00,1,1.00,1,1.00,1,3.00,1.00,1,1.00,0.00,0.00,2.00,1,2.00,2.00,0.00,0.00,2.00,1,0.00,,,2915,175,62.04,62.04,73.33,73.33,58.33,58.33,59.62,59.62,50.00,50.00
Greece,GRC,,,NAT_TOTAL,20200531,2.00,1,1.00,1,2.00,0,3.00,1,1.00,1,1.00,1,1.00,1,3.00,1.00,1,1.00,0.00,0.00,2.00,1,2.00,2.00,0.00,0.00,2.00,1,0.00,,,2917,175,62.04,62.04,73.33,73.33,58.33,58.33,59.62,59.62,50.00,50.00
Greece,GRC,,,NAT_TOTAL,20200601,1.00,1,0.00,,2.00,0,3.00,1,1.00,1,1.00,1,1.00,1,3.00,2.00,0,1.00,0.00,0.00,2.00,1,2.00,2.00,0.00,0.00,2.00,1,0.00,,,2918,179,54.63,54.63,62.62,62.62,55.56,55.56,54.49,54.49,62.50,62.50
Greece,GRC,,,NAT_TOTAL,20200602,1.00,1,0.00,,2.00,0,3.00,1,1.00,1,1.00,1,1.00,1,3.00,2.00,0,1.00,0.00,0.00,2.00,1,2.00,2.00,0.00,0.00,2.00,1,0.00,,,2937,179,54.63,54.63,62.62,62.62,55.56,55.56,54.49,54.49,62.50,62.50
Greece,GRC,,,NAT_TOTAL,20200603,1.00,1,0.00,,2.00,0,3.00,1,1.00,1,1.00,1,1.00,1,3.00,2.00,0,1.00,0.00,0.00,2.00,1,2.00,2.00,0.00,0.00,2.00,1,0.00,,,2937,179,54.63,54.63,62.62,62.62,55.56,55.56,54.49,54.49,62.50,62.50
Greece,GRC,,,NAT_TOTAL,20200604,1.00,1,0.00,,2.00,0,3.00,1,1.00,1,1.00,1,1.00,1,3.00,2.00,0,1.00,0.00,0.00,2.00,1,2.00,2.00,0.00,0.00,2.00,1,0.00,,,2952,180,54.63,54.63,62.62,62.62,55.56,55.56,54.49,54.49,62.50,62.50
Greece,GRC,,,NAT_TOTAL,20200605,1.00,1,0.00,,2.00,0,3.00,1,1.00,1,1.00,1,1.00,1,3.00,2.00,0,1.00,0.00,0.00,2.00,1,2.00,2.00,0.00,0.00,2.00,1,0.00,,,2967,180,54.63,54.63,62.62,62.62,55.56,55.56,54.49,54.49,62.50,62.50
Greece,GRC,,,NAT_TOTAL,20200606,1.00,1,0.00,,2.00,0,3.00,1,1.00,1,1.00,1,1.00,1,3.00,2.00,0,1.00,0.00,0.00,2.00,1,2.00,2.00,0.00,0.00,2.00,1,0.00,,,2980,180,54.63,54.63,62.62,62.62,55.56,55.56,54.49,54.49,62.50,62.50
Greece,GRC,,,NAT_TOTAL,20200607,1.00,1,0.00,,2.00,0,3.00,1,1.00,1,1.00,1,1.00,1,3.00,2.00,0,1.00,0.00,0.00,2.00,1,2.00,2.00,0.00,0.00,2.00,1,0.00,,,2997,180,54.63,54.63,62.62,62.62,55.56,55.56,54.49,54.49,62.50,62.50
Greece,GRC,,,NAT_TOTAL,20200608,1.00,1,0.00,,2.00,0,3.00,1,1.00,1,1.00,1,1.00,1,3.00,2.00,0,1.00,0.00,0.00,2.00,1,2.00,2.00,0.00,0.00,2.00,1,0.00,,,3049,182,54.63,54.63,62.62,62.62,55.56,55.56,54.49,54.49,62.50,62.50
Greece,GRC,,,NAT_TOTAL,20200609,1.00,1,0.00,,2.00,0,3.00,1,1.00,1,1.00,1,1.00,1,3.00,2.00,0,1.00,0.00,0.00,2.00,1,2.00,2.00,0.00,0.00,2.00,1,0.00,,,3058,183,54.63,54.63,62.62,62.62,55.56,55.56,54.49,54.49,62.50,62.50
Greece,GRC,,,NAT_TOTAL,20200610,1.00,1,0.00,,2.00,0,3.00,1,1.00,1,1.00,1,1.00,1,3.00,2.00,0,1.00,0.00,0.00,2.00,1,2.00,2.00,0.00,0.00,2.00,1,0.00,,,3068,183,54.63,54.63,62.62,62.62,55.56,55.56,54.49,54.49,62.50,62.50
Greece,GRC,,,NAT_TOTAL,20200611,1.00,1,0.00,,2.00,0,3.00,1,1.00,1,1.00,1,1.00,1,3.00,2.00,0,1.00,0.00,0.00,2.00,1,2.00,2.00,0.00,0.00,2.00,1,0.00,,,3088,183,54.63,54.63,62.62,62.62,55.56,55.56,54.49,54.49,62.50,62.50
Greece,GRC,,,NAT_TOTAL,20200612,1.00,1,0.00,,2.00,0,3.00,1,1.00,1,1.00,1,1.00,1,3.00,2.00,0,1.00,0.00,0.00,2.00,1,2.00,2.00,0.00,0.00,2.00,1,0.00,,,3108,183,54.63,54.63,62.62,62.62,55.56,55.56,54.49,54.49,62.50,62.50
Greece,GRC,,,NAT_TOTAL,20200613,1.00,1,0.00,,2.00,0,3.00,1,1.00,1,1.00,1,1.00,1,3.00,2.00,0,1.00,0.00,0.00,2.00,1,2.00,2.00,0.00,0.00,2.00,1,0.00,,,3112,183,54.63,54.63,62.62,62.62,55.56,55.56,54.49,54.49,62.50,62.50
Greece,GRC,,,NAT_TOTAL,20200614,1.00,1,0.00,,2.00,0,3.00,1,1.00,1,1.00,1,1.00,1,3.00,2.00,0,1.00,0.00,0.00,2.00,1,2.00,2.00,0.00,0.00,2.00,1,0.00,,,3121,183,54.63,54.63,62.62,62.62,55.56,55.56,54.49,54.49,62.50,62.50
Greece,GRC,,,NAT_TOTAL,20200615,1.00,1,0.00,,0.00,,3.00,1,1.00,1,1.00,1,1.00,1,1.00,2.00,0,1.00,0.00,0.00,2.00,1,2.00,2.00,0.00,0.00,2.00,1,0.00,,,3134,184,40.74,40.74,55.48,55.48,47.22,47.22,44.87,44.87,62.50,62.50
Greece,GRC,,,NAT_TOTAL,20200616,1.00,1,0.00,,0.00,,3.00,1,1.00,1,1.00,1,1.00,1,1.00,2.00,0,1.00,0.00,0.00,2.00,1,2.00,2.00,0.00,0.00,2.00,1,0.00,,,3148,185,40.74,40.74,55.48,55.48,47.22,47.22,44.87,44.87,62.50,62.50
Greece,GRC,,,NAT_TOTAL,20200617,1.00,1,0.00,,0.00,,3.00,1,1.00,1,1.00,1,1.00,1,1.00,2.00,0,1.00,0.00,0.00,2.00,1,2.00,2.00,0.00,0.00,2.00,1,0.00,,,3203,187,40.74,40.74,55.48,55.48,47.22,47.22,44.87,44.87,62.50,62.50
Greece,GRC,,,NAT_TOTAL,20200618,1.00,1,0.00,,0.00,,3.00,1,1.00,1,1.00,1,1.00,1,1.00,2.00,0,1.00,0.00,0.00,2.00,1,2.00,2.00,0.00,0.00,2.00,1,0.00,,,3227,188,40.74,40.74,55.48,55.48,47.22,47.22,44.87,44.87,62.50,62.50
Greece,GRC,,,NAT_TOTAL,20200619,1.00,1,0.00,,0.00,,3.00,1,1.00,1,1.00,1,1.00,1,1.00,2.00,0,1.00,0.00,0.00,2.00,1,2.00,2.00,0.00,0.00,2.00,1,0.00,,,3237,189,40.74,40.74,55.48,55.48,47.22,47.22,44.87,44.87,62.50,62.50
Greece,GRC,,,NAT_TOTAL,20200620,1.00,1,0.00,,0.00,,3.00,1,1.00,1,1.00,1,1.00,1,1.00,2.00,0,1.00,0.00,0.00,2.00,1,2.00,2.00,0.00,0.00,2.00,1,0.00,,,3256,190,40.74,40.74,55.48,55.48,47.22,47.22,44.87,44.87,62.50,62.50
Greece,GRC,,,NAT_TOTAL,20200621,1.00,1,0.00,,0.00,,3.00,1,1.00,1,1.00,1,1.00,1,1.00,2.00,0,1.00,0.00,0.00,2.00,1,2.00,2.00,0.00,0.00,2.00,1,0.00,,,3266,190,40.74,40.74,55.48,55.48,47.22,47.22,44.87,44.87,62.50,62.50
Greece,GRC,,,NAT_TOTAL,20200622,3.00,0,0.00,,0.00,,3.00,1,1.00,1,1.00,1,1.00,1,1.00,2.00,0,1.00,0.00,0.00,2.00,1,2.00,2.00,0.00,0.00,2.00,1,0.00,,,3287,190,46.30,46.30,59.05,59.05,50.56,50.56,48.72,48.72,62.50,62.50
Greece,GRC,,,NAT_TOTAL,20200623,3.00,0,0.00,,0.00,,3.00,1,1.00,1,1.00,1,1.00,1,1.00,2.00,0,1.00,0.00,0.00,2.00,1,3.00,2.00,0.00,0.00,2.00,1,0.00,,,3302,190,46.30,46.30,59.05,59.05,52.78,52.78,51.28,51.28,62.50,62.50
Greece,GRC,,,NAT_TOTAL,20200624,3.00,0,0.00,,0.00,,3.00,1,1.00,1,1.00,1,1.00,1,1.00,2.00,0,1.00,0.00,0.00,2.00,1,3.00,2.00,0.00,0.00,2.00,1,0.00,,,3310,190,46.30,46.30,59.05,59.05,52.78,52.78,51.28,51.28,62.50,62.50
Greece,GRC,,,NAT_TOTAL,20200625,3.00,0,0.00,,0.00,,3.00,1,1.00,1,1.00,1,1.00,1,1.00,2.00,0,1.00,3758517.89,0.00,2.00,1,3.00,2.00,0.00,0.00,2.00,1,0.00,,,3321,191,46.30,46.30,59.05,59.05,52.78,52.78,51.28,51.28,62.50,62.50
Greece,GRC,,,NAT_TOTAL,20200626,3.00,0,0.00,,0.00,,3.00,1,1.00,1,1.00,1,1.00,1,1.00,2.00,0,1.00,0.00,0.00,2.00,1,3.00,2.00,0.00,0.00,2.00,1,0.00,,,3343,191,46.30,46.30,59.05,59.05,52.78,52.78,51.28,51.28,62.50,62.50
Greece,GRC,,,NAT_TOTAL,20200627,1.00,1,0.00,,0.00,,3.00,1,1.00,1,1.00,1,1.00,1,1.00,2.00,0,1.00,0.00,0.00,2.00,1,3.00,2.00,0.00,0.00,2.00,1,0.00,,,3366,191,40.74,40.74,55.48,55.48,49.44,49.44,47.44,47.44,62.50,62.50
Greece,GRC,,,NAT_TOTAL,20200628,1.00,1,0.00,,0.00,,3.00,1,1.00,1,1.00,1,1.00,1,1.00,2.00,0,1.00,0.00,0.00,2.00,1,3.00,2.00,0.00,0.00,2.00,1,0.00,,,3376,191,40.74,40.74,55.48,55.48,49.44,49.44,47.44,47.44,62.50,62.50
Greece,GRC,,,NAT_TOTAL,20200629,1.00,1,0.00,,0.00,,3.00,1,1.00,1,1.00,1,1.00,1,1.00,2.00,0,1.00,0.00,0.00,2.00,1,3.00,2.00,0.00,0.00,2.00,1,0.00,,,3390,191,40.74,40.74,55.48,55.48,49.44,49.44,47.44,47.44,62.50,62.50
Greece,GRC,,,NAT_TOTAL,20200630,1.00,1,0.00,,0.00,,3.00,1,1.00,1,1.00,1,1.00,1,1.00,2.00,0,1.00,0.00,0.00,2.00,1,3.00,2.00,0.00,0.00,2.00,1,0.00,,,3409,192,40.74,40.74,55.48,55.48,49.44,49.44,47.44,47.44,62.50,62.50
Greece,GRC,,,NAT_TOTAL,20200701,1.00,1,0.00,,0.00,,3.00,1,1.00,1,1.00,1,1.00,1,1.00,2.00,0,1.00,0.00,0.00,2.00,1,3.00,2.00,0.00,0.00,2.00,1,0.00,,,3432,192,40.74,40.74,55.48,55.48,49.44,49.44,47.44,47.44,62.50,62.50
Greece,GRC,,,NAT_TOTAL,20200702,1.00,1,0.00,,0.00,,3.00,1,1.00,1,1.00,1,1.00,1,3.00,2.00,0,1.00,0.00,0.00,2.00,1,3.00,2.00,0.00,0.00,2.00,1,0.00,,,3458,192,46.30,46.30,62.62,62.62,52.78,52.78,51.28,51.28,62.50,62.50
Greece,GRC,,,NAT_TOTAL,20200703,1.00,1,0.00,,0.00,,3.00,1,1.00,1,1.00,1,1.00,1,3.00,2.00,0,1.00,0.00,0.00,2.00,1,3.00,2.00,0.00,0.00,2.00,1,0.00,,,3486,192,46.30,46.30,62.62,62.62,52.78,52.78,51.28,51.28,62.50,62.50
Greece,GRC,,,NAT_TOTAL,20200704,1.00,1,0.00,,0.00,,3.00,1,1.00,1,1.00,1,1.00,1,3.00,2.00,0,1.00,0.00,0.00,2.00,1,3.00,2.00,0.00,0.00,2.00,1,0.00,,,3511,192,46.30,46.30,62.62,62.62,52.78,52.78,51.28,51.28,62.50,62.50
Greece,GRC,,,NAT_TOTAL,20200705,1.00,1,0.00,,0.00,,3.00,1,1.00,1,1.00,1,1.00,1,3.00,2.00,0,1.00,0.00,0.00,2.00,1,3.00,2.00,0.00,0.00,2.00,1,0.00,,,3519,192,46.30,46.30,62.62,62.62,52.78,52.78,51.28,51.28,62.50,62.50
Greece,GRC,,,NAT_TOTAL,20200706,1.00,1,0.00,,0.00,,3.00,1,1.00,1,1.00,1,1.00,1,3.00,2.00,0,1.00,0.00,0.00,2.00,1,3.00,2.00,0.00,0.00,2.00,1,0.00,,,3562,192,46.30,46.30,62.62,62.62,52.78,52.78,51.28,51.28,62.50,62.50
Greece,GRC,,,NAT_TOTAL,20200707,1.00,1,0.00,,0.00,,3.00,1,1.00,1,1.00,1,1.00,1,3.00,2.00,0,1.00,0.00,0.00,2.00,1,3.00,2.00,0.00,0.00,2.00,1,0.00,,,3589,193,46.30,46.30,62.62,62.62,52.78,52.78,51.28,51.28,62.50,62.50
Greece,GRC,,,NAT_TOTAL,20200708,1.00,1,0.00,,0.00,,3.00,1,1.00,1,1.00,1,1.00,1,3.00,2.00,0,1.00,0.00,0.00,2.00,1,3.00,2.00,0.00,0.00,2.00,1,0.00,,,3622,193,46.30,46.30,62.62,62.62,52.78,52.78,51.28,51.28,62.50,62.50
Greece,GRC,,,NAT_TOTAL,20200709,1.00,1,0.00,,0.00,,3.00,1,1.00,1,1.00,1,1.00,1,3.00,2.00,0,1.00,0.00,0.00,2.00,1,3.00,2.00,0.00,0.00,2.00,1,0.00,,,3672,193,46.30,46.30,62.62,62.62,52.78,52.78,51.28,51.28,62.50,62.50
Greece,GRC,,,NAT_TOTAL,20200710,1.00,1,0.00,,0.00,,3.00,1,1.00,1,1.00,1,1.00,1,3.00,2.00,0,1.00,0.00,0.00,2.00,1,3.00,2.00,0.00,0.00,2.00,1,0.00,,,3732,193,46.30,46.30,62.62,62.62,52.78,52.78,51.28,51.28,62.50,62.50
Greece,GRC,,,NAT_TOTAL,20200711,1.00,1,0.00,,0.00,,3.00,1,1.00,1,1.00,1,1.00,1,3.00,2.00,0,1.00,0.00,0.00,2.00,1,3.00,2.00,0.00,0.00,2.00,1,0.00,,,3772,193,46.30,46.30,62.62,62.62,52.78,52.78,51.28,51.28,62.50,62.50
Greece,GRC,,,NAT_TOTAL,20200712,1.00,1,0.00,,0.00,,3.00,1,1.00,1,1.00,1,1.00,1,3.00,2.00,0,1.00,0.00,0.00,2.00,1,3.00,2.00,0.00,0.00,2.00,1,0.00,,,3803,193,46.30,46.30,62.62,62.62,52.78,52.78,51.28,51.28,62.50,62.50
Greece,GRC,,,NAT_TOTAL,20200713,1.00,1,0.00,,2.00,1,3.00,1,1.00,1,1.00,1,1.00,1,3.00,2.00,0,1.00,0.00,0.00,2.00,1,3.00,2.00,0.00,0.00,2.00,1,0.00,,,3826,193,57.41,57.41,65.48,65.48,59.44,59.44,58.97,58.97,62.50,62.50
Greece,GRC,,,NAT_TOTAL,20200714,1.00,1,0.00,,2.00,1,3.00,1,1.00,1,1.00,1,1.00,1,3.00,2.00,0,1.00,0.00,0.00,2.00,1,3.00,2.00,0.00,0.00,2.00,1,0.00,,,3883,193,57.41,57.41,65.48,65.48,59.44,59.44,58.97,58.97,62.50,62.50
Greece,GRC,,,NAT_TOTAL,20200715,1.00,1,0.00,,2.00,1,3.00,1,1.00,1,1.00,1,1.00,1,3.00,2.00,0,1.00,0.00,0.00,2.00,1,3.00,2.00,0.00,0.00,2.00,1,0.00,,,3910,193,57.41,57.41,65.48,65.48,59.44,59.44,58.97,58.97,62.50,62.50
Greece,GRC,,,NAT_TOTAL,20200716,1.00,1,0.00,,2.00,1,3.00,1,1.00,1,1.00,1,1.00,1,3.00,2.00,0,1.00,0.00,0.00,2.00,1,3.00,2.00,0.00,0.00,2.00,1,0.00,,,3939,193,57.41,57.41,65.48,65.48,59.44,59.44,58.97,58.97,62.50,62.50
Greece,GRC,,,NAT_TOTAL,20200717,1.00,1,0.00,,2.00,1,3.00,1,1.00,1,1.00,1,1.00,1,3.00,2.00,0,1.00,0.00,0.00,2.00,1,3.00,2.00,0.00,0.00,2.00,1,0.00,,,3964,194,57.41,57.41,65.48,65.48,59.44,59.44,58.97,58.97,62.50,62.50
Greece,GRC,,,NAT_TOTAL,20200718,1.00,1,0.00,,2.00,1,3.00,1,1.00,1,1.00,1,1.00,1,3.00,2.00,0,1.00,0.00,0.00,2.00,1,3.00,2.00,0.00,0.00,2.00,1,0.00,,,3983,194,57.41,57.41,65.48,65.48,59.44,59.44,58.97,58.97,62.50,62.50
Greece,GRC,,,NAT_TOTAL,20200719,1.00,1,0.00,,2.00,1,3.00,1,1.00,1,1.00,1,1.00,1,3.00,2.00,0,1.00,0.00,0.00,2.00,1,3.00,2.00,0.00,0.00,2.00,1,0.00,,,4007,194,57.41,57.41,65.48,65.48,59.44,59.44,58.97,58.97,62.50,62.50
Greece,GRC,,,NAT_TOTAL,20200720,1.00,1,0.00,,2.00,1,3.00,1,1.00,1,1.00,1,1.00,1,3.00,2.00,0,1.00,0.00,0.00,2.00,1,3.00,2.00,0.00,0.00,2.00,1,0.00,,,4012,195,57.41,57.41,65.48,65.48,59.44,59.44,58.97,58.97,62.50,62.50
Greece,GRC,,,NAT_TOTAL,20200721,1.00,1,0.00,,2.00,1,3.00,1,1.00,1,1.00,1,1.00,1,3.00,2.00,0,1.00,0.00,0.00,2.00,1,3.00,2.00,0.00,0.00,2.00,1,0.00,,,4048,197,57.41,57.41,65.48,65.48,59.44,59.44,58.97,58.97,62.50,62.50
Greece,GRC,,,NAT_TOTAL,20200722,1.00,1,0.00,,2.00,1,3.00,1,1.00,1,1.00,1,1.00,1,3.00,2.00,0,1.00,0.00,0.00,2.00,1,3.00,2.00,0.00,0.00,2.00,1,0.00,,,4077,200,57.41,57.41,65.48,65.48,59.44,59.44,58.97,58.97,62.50,62.50
Greece,GRC,,,NAT_TOTAL,20200723,1.00,1,0.00,,2.00,1,3.00,1,1.00,1,1.00,1,1.00,1,3.00,2.00,0,1.00,0.00,0.00,2.00,1,3.00,2.00,0.00,0.00,2.00,1,0.00,,,4110,201,57.41,57.41,65.48,65.48,59.44,59.44,58.97,58.97,62.50,62.50
Greece,GRC,,,NAT_TOTAL,20200724,1.00,1,0.00,,2.00,1,3.00,1,1.00,1,1.00,1,1.00,1,3.00,2.00,0,1.00,0.00,0.00,2.00,1,3.00,2.00,0.00,0.00,2.00,1,0.00,,,4135,201,57.41,57.41,65.48,65.48,59.44,59.44,58.97,58.97,62.50,62.50
Greece,GRC,,,NAT_TOTAL,20200725,1.00,1,0.00,,2.00,1,3.00,1,1.00,1,1.00,1,1.00,1,3.00,2.00,0,1.00,0.00,0.00,2.00,1,3.00,2.00,0.00,0.00,2.00,1,0.00,,,4166,201,57.41,57.41,65.48,65.48,59.44,59.44,58.97,58.97,62.50,62.50
Greece,GRC,,,NAT_TOTAL,20200726,1.00,1,0.00,,2.00,1,3.00,1,1.00,1,1.00,1,1.00,1,3.00,2.00,0,1.00,0.00,0.00,2.00,1,3.00,2.00,0.00,0.00,2.00,1,0.00,,,4193,202,57.41,57.41,65.48,65.48,59.44,59.44,58.97,58.97,62.50,62.50
Greece,GRC,,,NAT_TOTAL,20200727,1.00,1,0.00,,2.00,1,3.00,1,1.00,1,1.00,1,1.00,1,3.00,2.00,0,1.00,0.00,0.00,2.00,1,3.00,2.00,0.00,0.00,2.00,1,0.00,,,4227,202,57.41,57.41,65.48,65.48,59.44,59.44,58.97,58.97,62.50,62.50
Greece,GRC,,,NAT_TOTAL,20200728,1.00,1,0.00,,2.00,1,3.00,1,1.00,1,1.00,1,1.00,1,3.00,2.00,0,1.00,0.00,0.00,2.00,1,3.00,2.00,0.00,0.00,2.00,1,0.00,,,4279,203,57.41,57.41,65.48,65.48,59.44,59.44,58.97,58.97,62.50,62.50
Greece,GRC,,,NAT_TOTAL,20200729,1.00,1,0.00,,2.00,1,3.00,1,1.00,1,1.00,1,1.00,1,3.00,2.00,0,1.00,0.00,0.00,2.00,1,3.00,2.00,0.00,0.00,2.00,1,0.00,,,4336,203,57.41,57.41,65.48,65.48,59.44,59.44,58.97,58.97,62.50,62.50
Greece,GRC,,,NAT_TOTAL,20200730,1.00,1,0.00,,2.00,1,3.00,1,1.00,1,1.00,1,1.00,1,3.00,2.00,0,1.00,0.00,0.00,2.00,1,3.00,2.00,0.00,0.00,2.00,1,0.00,,,4401,203,57.41,57.41,65.48,65.48,59.44,59.44,58.97,58.97,62.50,62.50
Greece,GRC,,,NAT_TOTAL,20200731,1.00,1,0.00,,2.00,1,3.00,1,1.00,1,1.00,1,1.00,1,3.00,2.00,0,1.00,0.00,0.00,2.00,1,3.00,2.00,0.00,0.00,2.00,1,0.00,,,4477,206,57.41,57.41,65.48,65.48,59.44,59.44,58.97,58.97,62.50,62.50
Greece,GRC,,,NAT_TOTAL,20200801,1.00,1,0.00,,0.00,,3.00,1,1.00,1,1.00,1,1.00,1,3.00,2.00,0,1.00,0.00,0.00,2.00,1,3.00,2.00,0.00,0.00,2.00,1,0.00,,,4587,206,46.30,46.30,62.62,62.62,52.78,52.78,51.28,51.28,62.50,62.50
Greece,GRC,,,NAT_TOTAL,20200802,1.00,1,0.00,,0.00,,3.00,1,1.00,1,1.00,1,1.00,1,3.00,2.00,0,1.00,0.00,0.00,2.00,1,3.00,2.00,0.00,0.00,2.00,1,0.00,,,4662,208,46.30,46.30,62.62,62.62,52.78,52.78,51.28,51.28,62.50,62.50
Greece,GRC,,,NAT_TOTAL,20200803,1.00,1,0.00,,0.00,,3.00,1,1.00,1,1.00,1,1.00,1,3.00,2.00,0,1.00,0.00,0.00,2.00,1,3.00,2.00,0.00,0.00,2.00,1,0.00,,,4737,209,46.30,46.30,62.62,62.62,52.78,52.78,51.28,51.28,62.50,62.50
Greece,GRC,,,NAT_TOTAL,20200804,1.00,1,0.00,,0.00,,3.00,1,1.00,1,1.00,1,1.00,1,3.00,2.00,0,2.00,0.00,0.00,2.00,1,3.00,2.00,0.00,0.00,2.00,1,0.00,,,4855,209,46.30,46.30,62.62,62.62,56.11,56.11,51.28,51.28,87.50,87.50
Greece,GRC,,,NAT_TOTAL,20200805,1.00,1,0.00,,0.00,,3.00,1,1.00,1,1.00,1,1.00,1,3.00,2.00,0,2.00,0.00,0.00,2.00,1,3.00,2.00,0.00,0.00,2.00,1,0.00,,,4974,210,46.30,46.30,62.62,62.62,56.11,56.11,51.28,51.28,87.50,87.50
Greece,GRC,,,NAT_TOTAL,20200806,1.00,1,0.00,,0.00,,3.00,1,1.00,1,1.00,1,1.00,1,3.00,2.00,0,2.00,0.00,0.00,2.00,1,3.00,2.00,0.00,0.00,2.00,1,0.00,,,5123,210,46.30,46.30,62.62,62.62,56.11,56.11,51.28,51.28,87.50,87.50
Greece,GRC,,,NAT_TOTAL,20200807,1.00,1,0.00,,0.00,,3.00,1,1.00,1,1.00,1,1.00,1,3.00,2.00,0,2.00,0.00,0.00,2.00,1,3.00,2.00,0.00,0.00,2.00,1,0.00,,,5270,210,46.30,46.30,62.62,62.62,56.11,56.11,51.28,51.28,87.50,87.50
Greece,GRC,,,NAT_TOTAL,20200808,1.00,1,0.00,,0.00,,3.00,1,1.00,1,1.00,1,1.00,1,3.00,2.00,0,2.00,0.00,0.00,2.00,1,3.00,2.00,0.00,0.00,2.00,1,0.00,,,5421,211,46.30,46.30,62.62,62.62,56.11,56.11,51.28,51.28,87.50,87.50
Greece,GRC,,,NAT_TOTAL,20200809,1.00,1,0.00,,0.00,,3.00,1,1.00,1,1.00,1,1.00,1,3.00,2.00,0,2.00,0.00,0.00,2.00,1,3.00,2.00,0.00,0.00,2.00,1,0.00,,,5623,212,46.30,46.30,62.62,62.62,56.11,56.11,51.28,51.28,87.50,87.50
Greece,GRC,,,NAT_TOTAL,20200810,1.00,1,0.00,,0.00,,3.00,1,1.00,1,1.00,1,1.00,1,3.00,2.00,0,2.00,0.00,0.00,2.00,1,3.00,2.00,0.00,0.00,2.00,1,0.00,,,5749,213,46.30,46.30,62.62,62.62,56.11,56.11,51.28,51.28,87.50,87.50
Greece,GRC,,,NAT_TOTAL,20200811,1.00,1,0.00,,0.00,,3.00,1,1.00,1,1.00,1,1.00,1,3.00,2.00,0,2.00,0.00,0.00,2.00,1,3.00,2.00,0.00,0.00,2.00,1,0.00,,,5942,214,46.30,46.30,62.62,62.62,56.11,56.11,51.28,51.28,87.50,87.50
Greece,GRC,,,NAT_TOTAL,20200812,1.00,1,0.00,,0.00,,3.00,1,1.00,1,1.00,1,1.00,1,3.00,2.00,0,2.00,0.00,0.00,2.00,1,3.00,2.00,0.00,0.00,2.00,1,0.00,,,6177,216,46.30,46.30,62.62,62.62,56.11,56.11,51.28,51.28,87.50,87.50
Greece,GRC,,,NAT_TOTAL,20200813,1.00,1,0.00,,2.00,1,3.00,1,1.00,1,1.00,1,1.00,1,3.00,2.00,0,2.00,0.00,0.00,2.00,1,3.00,2.00,0.00,0.00,2.00,1,0.00,,,6381,221,57.41,57.41,65.48,65.48,62.78,62.78,58.97,58.97,87.50,87.50
Greece,GRC,,,NAT_TOTAL,20200814,1.00,1,0.00,,2.00,1,3.00,1,1.00,1,1.00,1,1.00,1,3.00,2.00,0,2.00,0.00,0.00,2.00,1,3.00,2.00,0.00,0.00,2.00,1,0.00,,,6632,223,57.41,57.41,65.48,65.48,62.78,62.78,58.97,58.97,87.50,87.50
Greece,GRC,,,NAT_TOTAL,20200815,1.00,1,0.00,,2.00,1,3.00,1,1.00,1,1.00,1,1.00,1,3.00,2.00,0,2.00,0.00,0.00,2.00,1,3.00,2.00,0.00,0.00,2.00,1,0.00,,,6858,226,57.41,57.41,65.48,65.48,62.78,62.78,58.97,58.97,87.50,87.50
Greece,GRC,,,NAT_TOTAL,20200816,1.00,1,0.00,,2.00,1,3.00,1,1.00,1,1.00,1,1.00,1,3.00,2.00,0,2.00,0.00,0.00,2.00,1,3.00,2.00,0.00,0.00,2.00,1,0.00,,,7075,228,57.41,57.41,65.48,65.48,62.78,62.78,58.97,58.97,87.50,87.50
Greece,GRC,,,NAT_TOTAL,20200817,1.00,1,0.00,,2.00,1,3.00,0,1.00,1,1.00,1,1.00,1,3.00,2.00,0,2.00,0.00,0.00,2.00,1,3.00,2.00,0.00,0.00,2.00,1,0.00,,,7222,230,56.02,56.02,65.48,65.48,61.94,61.94,58.01,58.01,87.50,87.50
Greece,GRC,,,NAT_TOTAL,20200818,1.00,1,0.00,,2.00,1,3.00,0,1.00,1,1.00,1,1.00,1,3.00,2.00,0,2.00,0.00,0.00,2.00,1,3.00,2.00,0.00,0.00,2.00,1,0.00,,,7472,232,56.02,56.02,65.48,65.48,61.94,61.94,58.01,58.01,87.50,87.50
Greece,GRC,,,NAT_TOTAL,20200819,1.00,1,0.00,,2.00,1,3.00,0,1.00,1,1.00,1,1.00,1,3.00,2.00,0,2.00,0.00,0.00,2.00,1,3.00,2.00,0.00,0.00,2.00,1,0.00,,,7684,235,56.02,56.02,65.48,65.48,61.94,61.94,58.01,58.01,87.50,87.50
Greece,GRC,,,NAT_TOTAL,20200820,1.00,1,0.00,,2.00,1,3.00,0,1.00,1,1.00,1,1.00,1,3.00,2.00,0,2.00,0.00,0.00,2.00,1,3.00,2.00,0.00,0.00,2.00,1,0.00,,,7934,235,56.02,56.02,65.48,65.48,61.94,61.94,58.01,58.01,87.50,87.50
Greece,GRC,,,NAT_TOTAL,20200821,1.00,1,0.00,,2.00,1,3.00,0,1.00,1,1.00,1,1.00,1,3.00,2.00,0,2.00,0.00,0.00,2.00,1,3.00,2.00,0.00,0.00,2.00,1,0.00,,,8138,238,56.02,56.02,65.48,65.48,61.94,61.94,58.01,58.01,87.50,87.50
Greece,GRC,,,NAT_TOTAL,20200822,1.00,1,0.00,,2.00,1,3.00,0,1.00,1,1.00,1,1.00,1,3.00,2.00,0,2.00,0.00,0.00,2.00,1,3.00,2.00,0.00,0.00,2.00,1,0.00,,,8381,240,56.02,56.02,65.48,65.48,61.94,61.94,58.01,58.01,87.50,87.50
Greece,GRC,,,NAT_TOTAL,20200823,1.00,1,0.00,,2.00,1,3.00,0,1.00,1,1.00,1,1.00,1,3.00,2.00,0,2.00,0.00,0.00,2.00,1,3.00,2.00,0.00,0.00,2.00,1,0.00,,,8664,242,56.02,56.02,65.48,65.48,61.94,61.94,58.01,58.01,87.50,87.50
Greece,GRC,,,NAT_TOTAL,20200824,1.00,1,0.00,,2.00,1,3.00,0,1.00,1,1.00,1,1.00,1,3.00,2.00,0,2.00,0.00,0.00,2.00,1,3.00,2.00,0.00,0.00,2.00,1,0.00,,,8819,242,56.02,56.02,65.48,65.48,61.94,61.94,58.01,58.01,87.50,87.50
Greece,GRC,,,NAT_TOTAL,20200825,1.00,1,0.00,,2.00,1,3.00,0,1.00,1,1.00,1,1.00,1,3.00,2.00,0,2.00,0.00,0.00,2.00,1,3.00,2.00,0.00,0.00,2.00,1,0.00,,,8987,243,56.02,56.02,65.48,65.48,61.94,61.94,58.01,58.01,87.50,87.50
Greece,GRC,,,NAT_TOTAL,20200826,1.00,1,0.00,,2.00,1,3.00,0,1.00,1,1.00,1,1.00,1,3.00,2.00,0,2.00,0.00,0.00,2.00,1,3.00,2.00,0.00,0.00,2.00,1,0.00,,,9280,248,56.02,56.02,65.48,65.48,61.94,61.94,58.01,58.01,87.50,87.50
Greece,GRC,,,NAT_TOTAL,20200827,1.00,1,0.00,,2.00,1,3.00,0,1.00,1,1.00,1,1.00,1,3.00,2.00,0,2.00,0.00,0.00,2.00,1,3.00,2.00,0.00,0.00,2.00,1,0.00,,,9531,254,56.02,56.02,65.48,65.48,61.94,61.94,58.01,58.01,87.50,87.50
Greece,GRC,,,NAT_TOTAL,20200828,1.00,1,0.00,,2.00,1,3.00,0,1.00,1,1.00,1,1.00,1,3.00,2.00,0,2.00,0.00,0.00,2.00,1,3.00,2.00,0.00,0.00,2.00,1,0.00,,,9800,259,56.02,56.02,65.48,65.48,61.94,61.94,58.01,58.01,87.50,87.50
Greece,GRC,,,NAT_TOTAL,20200829,1.00,1,0.00,,2.00,1,3.00,0,1.00,1,1.00,1,1.00,1,3.00,2.00,0,2.00,0.00,0.00,2.00,1,3.00,2.00,0.00,0.00,2.00,1,0.00,,,9977,260,56.02,56.02,65.48,65.48,61.94,61.94,58.01,58.01,87.50,87.50
Greece,GRC,,,NAT_TOTAL,20200830,1.00,1,0.00,,2.00,1,3.00,0,1.00,1,1.00,1,1.00,1,3.00,2.00,0,2.00,0.00,0.00,2.00,1,3.00,2.00,0.00,0.00,2.00,1,0.00,,,10134,262,56.02,56.02,65.48,65.48,61.94,61.94,58.01,58.01,87.50,87.50
Greece,GRC,,,NAT_TOTAL,20200831,1.00,1,0.00,,2.00,1,3.00,0,1.00,1,1.00,1,1.00,1,3.00,2.00,0,2.00,0.00,0.00,2.00,1,3.00,2.00,0.00,0.00,2.00,1,0.00,,,10317,266,56.02,56.02,65.48,65.48,61.94,61.94,58.01,58.01,87.50,87.50
Greece,GRC,,,NAT_TOTAL,20200901,1.00,1,0.00,,2.00,1,3.00,0,1.00,1,1.00,1,1.00,1,3.00,2.00,0,2.00,0.00,0.00,2.00,1,3.00,2.00,0.00,0.00,2.00,1,0.00,,,10524,271,56.02,56.02,65.48,65.48,61.94,61.94,58.01,58.01,87.50,87.50
Greece,GRC,,,NAT_TOTAL,20200902,1.00,1,0.00,,2.00,1,3.00,0,1.00,1,1.00,1,1.00,1,3.00,2.00,0,2.00,0.00,0.00,2.00,1,3.00,2.00,0.00,0.00,2.00,1,0.00,,,10757,273,56.02,56.02,65.48,65.48,61.94,61.94,58.01,58.01,87.50,87.50
Greece,GRC,,,NAT_TOTAL,20200903,1.00,1,0.00,,2.00,1,3.00,0,1.00,1,1.00,1,1.00,1,3.00,2.00,0,2.00,0.00,0.00,2.00,1,3.00,2.00,0.00,0.00,2.00,1,0.00,,,10998,278,56.02,56.02,65.48,65.48,61.94,61.94,58.01,58.01,87.50,87.50
Greece,GRC,,,NAT_TOTAL,20200904,1.00,1,0.00,,2.00,1,3.00,0,1.00,1,1.00,1,1.00,1,3.00,2.00,0,2.00,0.00,0.00,2.00,1,3.00,2.00,0.00,0.00,2.00,1,0.00,,,11200,279,56.02,56.02,65.48,65.48,61.94,61.94,58.01,58.01,87.50,87.50
Greece,GRC,,,NAT_TOTAL,20200905,1.00,1,0.00,,2.00,1,3.00,0,1.00,1,1.00,1,1.00,1,3.00,2.00,0,2.00,0.00,0.00,2.00,1,3.00,2.00,0.00,0.00,2.00,1,0.00,,,11386,280,56.02,56.02,65.48,65.48,61.94,61.94,58.01,58.01,87.50,87.50
Greece,GRC,,,NAT_TOTAL,20200906,1.00,1,0.00,,2.00,1,3.00,0,1.00,1,1.00,1,1.00,1,3.00,2.00,0,2.00,0.00,0.00,2.00,1,3.00,2.00,0.00,0.00,2.00,1,0.00,,,11524,284,56.02,56.02,65.48,65.48,61.94,61.94,58.01,58.01,87.50,87.50
Greece,GRC,,,NAT_TOTAL,20200907,1.00,1,0.00,,2.00,1,3.00,0,1.00,1,1.00,1,1.00,1,3.00,2.00,0,2.00,0.00,0.00,2.00,1,3.00,2.00,0.00,0.00,2.00,1,0.00,,,11663,289,56.02,56.02,65.48,65.48,61.94,61.94,58.01,58.01,87.50,87.50
Greece,GRC,,,NAT_TOTAL,20200908,3.00,1,0.00,,2.00,1,3.00,1,1.00,1,1.00,1,1.00,1,3.00,2.00,0,2.00,0.00,0.00,2.00,1,3.00,2.00,0.00,0.00,2.00,1,0.00,,,11832,290,64.81,64.81,72.62,72.62,67.22,67.22,64.10,64.10,87.50,87.50
Greece,GRC,,,NAT_TOTAL,20200909,3.00,1,0.00,,2.00,1,3.00,1,1.00,1,1.00,1,1.00,1,3.00,2.00,0,2.00,0.00,0.00,2.00,1,3.00,2.00,0.00,0.00,2.00,1,0.00,,,12080,293,64.81,64.81,72.62,72.62,67.22,67.22,64.10,64.10,87.50,87.50
Greece,GRC,,,NAT_TOTAL,20200910,3.00,1,0.00,,2.00,1,3.00,1,1.00,1,1.00,1,1.00,1,3.00,2.00,0,2.00,0.00,0.00,2.00,1,3.00,2.00,0.00,0.00,2.00,1,0.00,,,12452,297,64.81,64.81,72.62,72.62,67.22,67.22,64.10,64.10,87.50,87.50
Greece,GRC,,,NAT_TOTAL,20200911,3.00,1,0.00,,2.00,1,3.00,1,1.00,1,1.00,1,1.00,1,3.00,2.00,0,2.00,0.00,0.00,2.00,1,3.00,2.00,0.00,0.00,2.00,1,0.00,,,12734,300,64.81,64.81,72.62,72.62,67.22,67.22,64.10,64.10,87.50,87.50
Greece,GRC,,,NAT_TOTAL,20200912,3.00,1,0.00,,2.00,1,3.00,1,1.00,1,1.00,1,1.00,1,3.00,2.00,0,2.00,0.00,0.00,2.00,1,3.00,2.00,0.00,0.00,2.00,1,0.00,,,13036,302,64.81,64.81,72.62,72.62,67.22,67.22,64.10,64.10,87.50,87.50
Greece,GRC,,,NAT_TOTAL,20200913,3.00,1,0.00,,2.00,1,3.00,1,1.00,1,1.00,1,1.00,1,3.00,2.00,0,2.00,0.00,0.00,2.00,1,3.00,2.00,0.00,0.00,2.00,1,0.00,,,13240,305,64.81,64.81,72.62,72.62,67.22,67.22,64.10,64.10,87.50,87.50
Greece,GRC,,,NAT_TOTAL,20200914,1.00,1,0.00,,2.00,1,3.00,1,1.00,1,1.00,1,1.00,1,3.00,2.00,0,2.00,0.00,0.00,2.00,1,3.00,2.00,0.00,0.00,2.00,1,0.00,,,13420,310,57.41,57.41,65.48,65.48,62.78,62.78,58.97,58.97,87.50,87.50
Greece,GRC,,,NAT_TOTAL,20200915,1.00,1,0.00,,2.00,1,3.00,1,1.00,1,1.00,1,1.00,1,3.00,2.00,0,2.00,0.00,0.00,2.00,1,3.00,2.00,0.00,0.00,2.00,1,0.00,,,13730,313,57.41,57.41,65.48,65.48,62.78,62.78,58.97,58.97,87.50,87.50
Greece,GRC,,,NAT_TOTAL,20200916,1.00,1,0.00,,2.00,1,3.00,1,1.00,1,1.00,1,1.00,1,3.00,2.00,0,2.00,0.00,0.00,2.00,1,3.00,2.00,0.00,0.00,2.00,1,0.00,,,14041,316,57.41,57.41,65.48,65.48,62.78,62.78,58.97,58.97,87.50,87.50
Greece,GRC,,,NAT_TOTAL,20200917,1.00,1,0.00,,2.00,1,3.00,1,1.00,1,1.00,1,1.00,1,3.00,2.00,0,2.00,0.00,0.00,2.00,1,3.00,2.00,0.00,0.00,2.00,1,0.00,,,14400,325,57.41,57.41,65.48,65.48,62.78,62.78,58.97,58.97,87.50,87.50
Greece,GRC,,,NAT_TOTAL,20200918,1.00,1,0.00,,2.00,1,3.00,1,1.00,1,1.00,1,1.00,0,3.00,2.00,0,2.00,0.00,0.00,2.00,1,3.00,2.00,0.00,0.00,2.00,1,0.00,,,14738,327,54.63,54.63,63.10,63.10,61.11,61.11,57.05,57.05,87.50,87.50
Greece,GRC,,,NAT_TOTAL,20200919,1.00,1,0.00,,2.00,1,3.00,1,1.00,1,1.00,1,1.00,0,3.00,2.00,0,2.00,0.00,0.00,2.00,1,3.00,2.00,0.00,0.00,2.00,1,0.00,,,14978,331,54.63,54.63,63.10,63.10,61.11,61.11,57.05,57.05,87.50,87.50
Greece,GRC,,,NAT_TOTAL,20200920,1.00,1,0.00,,2.00,1,3.00,1,1.00,1,1.00,1,1.00,0,3.00,2.00,0,2.00,0.00,0.00,2.00,1,3.00,2.00,0.00,0.00,2.00,1,0.00,,,15142,338,54.63,54.63,63.10,63.10,61.11,61.11,57.05,57.05,87.50,87.50
Greece,GRC,,,NAT_TOTAL,20200921,1.00,1,0.00,,2.00,1,3.00,1,1.00,1,1.00,1,1.00,0,3.00,2.00,0,2.00,0.00,0.00,2.00,1,3.00,2.00,0.00,0.00,2.00,1,0.00,,,15595,344,54.63,54.63,63.10,63.10,61.11,61.11,57.05,57.05,87.50,87.50
Greece,GRC,,,NAT_TOTAL,20200922,1.00,1,0.00,,2.00,1,3.00,1,1.00,1,1.00,1,1.00,0,3.00,2.00,0,2.00,0.00,0.00,2.00,1,3.00,2.00,0.00,0.00,2.00,1,0.00,,,15928,352,54.63,54.63,63.10,63.10,61.11,61.11,57.05,57.05,87.50,87.50
Greece,GRC,,,NAT_TOTAL,20200923,1.00,1,0.00,,2.00,1,3.00,1,1.00,1,1.00,1,1.00,0,3.00,2.00,0,2.00,0.00,0.00,2.00,1,3.00,2.00,0.00,0.00,2.00,1,0.00,,,16286,357,54.63,54.63,63.10,63.10,61.11,61.11,57.05,57.05,87.50,87.50
Greece,GRC,,,NAT_TOTAL,20200924,1.00,1,0.00,,2.00,1,3.00,1,1.00,1,1.00,1,1.00,0,3.00,2.00,0,2.00,0.00,0.00,2.00,1,3.00,2.00,0.00,0.00,2.00,1,0.00,,,16627,366,54.63,54.63,63.10,63.10,61.11,61.11,57.05,57.05,87.50,87.50
Greece,GRC,,,NAT_TOTAL,20200925,1.00,1,0.00,,2.00,1,3.00,1,1.00,1,1.00,1,1.00,0,3.00,2.00,0,2.00,0.00,0.00,2.00,1,3.00,2.00,0.00,0.00,2.00,1,0.00,,,16913,369,54.63,54.63,63.10,63.10,61.11,61.11,57.05,57.05,87.50,87.50
Greece,GRC,,,NAT_TOTAL,20200926,1.00,1,0.00,,2.00,1,3.00,1,1.00,1,1.00,1,1.00,0,3.00,2.00,0,2.00,0.00,0.00,2.00,1,3.00,2.00,0.00,0.00,2.00,1,0.00,,,17228,376,54.63,54.63,63.10,63.10,61.11,61.11,57.05,57.05,87.50,87.50
Greece,GRC,,,NAT_TOTAL,20200927,1.00,1,0.00,,2.00,1,3.00,1,1.00,1,1.00,1,1.00,0,3.00,2.00,0,2.00,0.00,0.00,2.00,1,3.00,2.00,0.00,0.00,2.00,1,0.00,,,17444,379,54.63,54.63,63.10,63.10,61.11,61.11,57.05,57.05,87.50,87.50
Greece,GRC,,,NAT_TOTAL,20200928,1.00,1,0.00,,2.00,1,3.00,1,1.00,1,1.00,1,1.00,0,3.00,2.00,0,2.00,0.00,0.00,2.00,1,3.00,2.00,0.00,0.00,2.00,1,0.00,,,17707,383,54.63,54.63,63.10,63.10,61.11,61.11,57.05,57.05,87.50,87.50
Greece,GRC,,,NAT_TOTAL,20200929,1.00,1,1.00,0,2.00,0,4.00,0,1.00,0,1.00,0,1.00,0,3.00,2.00,0,2.00,0.00,0.00,2.00,1,3.00,2.00,0.00,0.00,4.00,0,0.00,,,18123,388,50.46,50.46,56.67,56.67,61.11,61.11,57.05,57.05,87.50,87.50
Greece,GRC,,,NAT_TOTAL,20200930,1.00,1,1.00,0,2.00,0,4.00,0,1.00,0,1.00,0,1.00,0,3.00,2.00,0,2.00,0.00,0.00,2.00,1,3.00,2.00,0.00,0.00,4.00,0,0.00,,,18475,391,50.46,50.46,56.67,56.67,61.11,61.11,57.05,57.05,87.50,87.50
Greece,GRC,,,NAT_TOTAL,20201001,1.00,1,1.00,0,2.00,0,4.00,0,1.00,0,1.00,0,1.00,0,3.00,2.00,0,2.00,0.00,0.00,2.00,1,3.00,2.00,0.00,0.00,4.00,0,0.00,,,18886,393,50.46,50.46,56.67,56.67,61.11,61.11,57.05,57.05,87.50,87.50
Greece,GRC,,,NAT_TOTAL,20201002,1.00,1,1.00,0,2.00,0,4.00,0,1.00,0,1.00,0,1.00,0,3.00,2.00,0,2.00,0.00,0.00,2.00,1,3.00,2.00,0.00,0.00,4.00,0,0.00,,,19346,398,50.46,50.46,56.67,56.67,61.11,61.11,57.05,57.05,87.50,87.50
Greece,GRC,,,NAT_TOTAL,20201003,1.00,1,1.00,0,2.00,0,4.00,0,1.00,0,1.00,0,1.00,0,3.00,2.00,0,2.00,0.00,0.00,2.00,1,3.00,2.00,0.00,0.00,4.00,0,0.00,,,19613,405,50.46,50.46,56.67,56.67,61.11,61.11,57.05,57.05,87.50,87.50
Greece,GRC,,,NAT_TOTAL,20201004,1.00,1,1.00,0,2.00,0,4.00,0,1.00,0,1.00,0,1.00,0,3.00,2.00,0,2.00,0.00,0.00,2.00,1,3.00,2.00,0.00,0.00,4.00,0,0.00,,,19842,409,50.46,50.46,56.67,56.67,61.11,61.11,57.05,57.05,87.50,87.50
Greece,GRC,,,NAT_TOTAL,20201005,1.00,1,1.00,0,2.00,0,4.00,0,1.00,0,1.00,0,1.00,0,3.00,2.00,0,2.00,0.00,0.00,2.00,1,3.00,2.00,0.00,0.00,4.00,0,0.00,,,20142,417,50.46,50.46,56.67,56.67,61.11,61.11,57.05,57.05,87.50,87.50
Greece,GRC,,,NAT_TOTAL,20201006,1.00,1,1.00,0,2.00,0,4.00,0,1.00,0,1.00,0,1.00,0,3.00,2.00,0,2.00,0.00,0.00,2.00,1,3.00,2.00,0.00,0.00,4.00,0,0.00,,,20541,420,50.46,50.46,56.67,56.67,61.11,61.11,57.05,57.05,87.50,87.50
Greece,GRC,,,NAT_TOTAL,20201007,1.00,1,1.00,0,2.00,0,4.00,0,1.00,0,1.00,0,1.00,0,3.00,2.00,0,2.00,0.00,0.00,2.00,1,3.00,2.00,0.00,0.00,4.00,0,0.00,,,20947,424,50.46,50.46,56.67,56.67,61.11,61.11,57.05,57.05,87.50,87.50
Greece,GRC,,,NAT_TOTAL,20201008,1.00,1,1.00,0,2.00,0,4.00,0,1.00,0,1.00,0,1.00,0,3.00,2.00,0,2.00,0.00,0.00,2.00,1,3.00,2.00,0.00,0.00,4.00,0,0.00,,,21381,430,50.46,50.46,56.67,56.67,61.11,61.11,57.05,57.05,87.50,87.50
Greece,GRC,,,NAT_TOTAL,20201009,1.00,1,1.00,0,2.00,0,4.00,0,1.00,0,1.00,0,1.00,0,3.00,2.00,0,2.00,0.00,0.00,2.00,1,3.00,2.00,0.00,0.00,4.00,0,0.00,,,21772,431,50.46,50.46,56.67,56.67,61.11,61.11,57.05,57.05,87.50,87.50
Greece,GRC,,,NAT_TOTAL,20201010,1.00,1,1.00,0,2.00,0,4.00,0,1.00,0,1.00,0,1.00,0,3.00,2.00,0,2.00,0.00,0.00,2.00,1,3.00,2.00,0.00,0.00,4.00,0,0.00,,,22078,436,50.46,50.46,56.67,56.67,61.11,61.11,57.05,57.05,87.50,87.50
Greece,GRC,,,NAT_TOTAL,20201011,1.00,1,1.00,0,2.00,0,4.00,0,1.00,0,1.00,0,1.00,0,3.00,2.00,0,2.00,0.00,0.00,2.00,1,3.00,2.00,0.00,0.00,4.00,0,0.00,,,22358,449,50.46,50.46,56.67,56.67,61.11,61.11,57.05,57.05,87.50,87.50
Greece,GRC,,,NAT_TOTAL,20201012,1.00,1,2.00,0,2.00,0,4.00,0,1.00,0,1.00,0,2.00,0,3.00,2.00,0,2.00,0.00,0.00,2.00,1,3.00,2.00,0.00,0.00,4.00,0,0.00,,,22652,456,59.72,59.72,65.00,65.00,66.67,66.67,63.46,63.46,87.50,87.50
Greece,GRC,,,NAT_TOTAL,20201013,1.00,1,2.00,0,2.00,0,4.00,0,1.00,0,1.00,0,2.00,0,3.00,2.00,0,2.00,0.00,0.00,2.00,1,3.00,2.00,0.00,0.00,4.00,0,0.00,,,23060,462,59.72,59.72,65.00,65.00,66.67,66.67,63.46,63.46,87.50,87.50
Greece,GRC,,,NAT_TOTAL,20201014,1.00,1,2.00,0,2.00,0,4.00,0,1.00,0,1.00,0,2.00,0,3.00,2.00,0,2.00,0.00,0.00,2.00,1,3.00,2.00,0.00,0.00,4.00,0,0.00,,,23495,469,59.72,59.72,65.00,65.00,66.67,66.67,63.46,63.46,87.50,87.50
Greece,GRC,,,NAT_TOTAL,20201015,1.00,1,2.00,0,2.00,0,4.00,0,1.00,0,1.00,0,2.00,0,3.00,2.00,0,2.00,0.00,0.00,2.00,1,3.00,2.00,0.00,0.00,4.00,0,0.00,,,23947,482,59.72,59.72,65.00,65.00,66.67,66.67,63.46,63.46,87.50,87.50
Greece,GRC,,,NAT_TOTAL,20201016,1.00,1,2.00,0,2.00,0,4.00,0,1.00,0,1.00,0,2.00,0,3.00,2.00,0,2.00,0.00,0.00,2.00,1,3.00,2.00,0.00,0.00,4.00,0,0.00,,,24450,490,59.72,59.72,65.00,65.00,66.67,66.67,63.46,63.46,87.50,87.50
Greece,GRC,,,NAT_TOTAL,20201017,1.00,1,2.00,0,2.00,0,4.00,0,1.00,0,1.00,0,2.00,0,3.00,2.00,0,2.00,0.00,0.00,2.00,1,3.00,2.00,0.00,0.00,4.00,0,0.00,,,24932,500,59.72,59.72,65.00,65.00,66.67,66.67,63.46,63.46,87.50,87.50
Greece,GRC,,,NAT_TOTAL,20201018,1.00,1,2.00,0,2.00,0,4.00,0,1.00,0,1.00,0,2.00,0,3.00,2.00,0,2.00,0.00,0.00,2.00,1,3.00,2.00,0.00,0.00,4.00,0,0.00,,,25370,509,59.72,59.72,65.00,65.00,66.67,66.67,63.46,63.46,87.50,87.50
Greece,GRC,,,NAT_TOTAL,20201019,1.00,1,2.00,0,2.00,0,4.00,0,1.00,0,1.00,0,2.00,0,3.00,2.00,0,2.00,0.00,0.00,2.00,1,3.00,2.00,0.00,0.00,4.00,0,0.00,,,25802,520,59.72,59.72,65.00,65.00,66.67,66.67,63.46,63.46,87.50,87.50
Greece,GRC,,,NAT_TOTAL,20201020,1.00,1,2.00,0,2.00,0,4.00,0,1.00,0,1.00,0,2.00,0,3.00,2.00,0,2.00,0.00,0.00,2.00,1,3.00,2.00,0.00,0.00,4.00,0,0.00,,,26469,528,59.72,59.72,65.00,65.00,66.67,66.67,63.46,63.46,87.50,87.50
Greece,GRC,,,NAT_TOTAL,20201021,1.00,1,2.00,0,2.00,0,4.00,0,1.00,0,1.00,0,2.00,0,3.00,2.00,0,2.00,0.00,0.00,2.00,1,3.00,2.00,0.00,0.00,4.00,0,0.00,,,27334,534,59.72,59.72,65.00,65.00,66.67,66.67,63.46,63.46,87.50,87.50
Greece,GRC,,,NAT_TOTAL,20201022,1.00,1,2.00,0,2.00,0,4.00,0,1.00,0,1.00,0,2.00,0,3.00,2.00,0,2.00,0.00,0.00,2.00,1,3.00,2.00,0.00,0.00,4.00,0,0.00,,,28216,549,59.72,59.72,65.00,65.00,66.67,66.67,63.46,63.46,87.50,87.50
Greece,GRC,,,NAT_TOTAL,20201023,1.00,1,2.00,0,2.00,0,4.00,0,1.00,0,1.00,0,2.00,0,3.00,2.00,0,2.00,0.00,0.00,2.00,1,3.00,2.00,0.00,0.00,4.00,0,0.00,,,29057,559,59.72,59.72,65.00,65.00,66.67,66.67,63.46,63.46,87.50,87.50
Greece,GRC,,,NAT_TOTAL,20201024,1.00,1,2.00,0,2.00,0,4.00,0,1.00,0,1.00,0,2.00,0,3.00,2.00,0,2.00,0.00,0.00,2.00,1,3.00,2.00,0.00,0.00,4.00,0,0.00,,,29992,564,59.72,59.72,65.00,65.00,66.67,66.67,63.46,63.46,87.50,87.50
Greece,GRC,,,NAT_TOTAL,20201025,1.00,1,2.00,0,2.00,0,4.00,0,1.00,0,1.00,0,2.00,0,3.00,2.00,0,2.00,0.00,0.00,2.00,1,3.00,2.00,0.00,0.00,4.00,0,0.00,,,30782,574,59.72,59.72,65.00,65.00,66.67,66.67,63.46,63.46,87.50,87.50
Greece,GRC,,,NAT_TOTAL,20201026,1.00,1,2.00,0,2.00,0,4.00,0,1.00,0,1.00,0,2.00,0,3.00,2.00,0,2.00,0.00,0.00,2.00,1,3.00,2.00,0.00,0.00,4.00,0,0.00,,,31496,581,59.72,59.72,65.00,65.00,66.67,66.67,63.46,63.46,87.50,87.50
Greece,GRC,,,NAT_TOTAL,20201027,1.00,1,2.00,0,2.00,0,4.00,0,1.00,0,1.00,0,2.00,0,3.00,2.00,0,2.00,0.00,0.00,2.00,1,3.00,2.00,0.00,0.00,4.00,0,0.00,,,32752,593,59.72,59.72,65.00,65.00,66.67,66.67,63.46,63.46,87.50,87.50
Greece,GRC,,,NAT_TOTAL,20201028,1.00,1,2.00,0,2.00,0,4.00,0,1.00,0,1.00,0,2.00,0,3.00,2.00,0,2.00,0.00,0.00,2.00,1,3.00,2.00,0.00,0.00,4.00,0,0.00,,,34299,603,59.72,59.72,65.00,65.00,66.67,66.67,63.46,63.46,87.50,87.50
Greece,GRC,,,NAT_TOTAL,20201029,1.00,1,2.00,0,2.00,0,4.00,0,1.00,0,1.00,0,2.00,0,3.00,2.00,0,2.00,0.00,0.00,2.00,1,3.00,2.00,0.00,0.00,4.00,0,0.00,,,35510,615,59.72,59.72,65.00,65.00,66.67,66.67,63.46,63.46,87.50,87.50
Greece,GRC,,,NAT_TOTAL,20201030,1.00,1,2.00,0,2.00,0,4.00,0,1.00,0,1.00,0,2.00,0,3.00,2.00,0,2.00,0.00,0.00,2.00,1,3.00,2.00,0.00,0.00,4.00,0,0.00,,,37196,620,59.72,59.72,65.00,65.00,66.67,66.67,63.46,63.46,87.50,87.50
Greece,GRC,,,NAT_TOTAL,20201031,1.00,1,2.00,0,2.00,0,4.00,0,1.00,0,1.00,0,2.00,0,3.00,2.00,0,2.00,0.00,0.00,2.00,1,3.00,2.00,0.00,0.00,4.00,0,0.00,,,39251,626,59.72,59.72,65.00,65.00,66.67,66.67,63.46,63.46,87.50,87.50
Greece,GRC,,,NAT_TOTAL,20201101,1.00,1,2.00,0,2.00,0,4.00,0,1.00,0,1.00,0,2.00,0,3.00,2.00,0,2.00,0.00,0.00,2.00,1,3.00,2.00,0.00,0.00,4.00,0,0.00,,,40929,635,59.72,59.72,65.00,65.00,66.67,66.67,63.46,63.46,87.50,87.50
Greece,GRC,,,NAT_TOTAL,20201102,2.00,1,2.00,0,2.00,0,4.00,0,1.00,0,1.00,0,2.00,0,3.00,2.00,0,2.00,0.00,0.00,2.00,1,3.00,2.00,0.00,0.00,4.00,0,0.00,,,42080,642,63.43,63.43,68.57,68.57,68.89,68.89,66.03,66.03,87.50,87.50
Greece,GRC,,,NAT_TOTAL,20201103,2.00,1,2.00,0,2.00,0,4.00,0,1.00,0,1.00,0,2.00,0,3.00,2.00,0,2.00,0.00,0.00,2.00,1,3.00,2.00,0.00,0.00,4.00,0,0.00,,,44246,655,63.43,63.43,68.57,68.57,68.89,68.89,66.03,66.03,87.50,87.50
Greece,GRC,,,NAT_TOTAL,20201104,2.00,1,2.00,0,2.00,0,4.00,0,1.00,0,1.00,0,2.00,0,3.00,2.00,0,2.00,0.00,0.00,2.00,1,3.00,2.00,0.00,0.00,4.00,0,0.00,,,46892,673,63.43,63.43,68.57,68.57,68.89,68.89,66.03,66.03,87.50,87.50
Greece,GRC,,,NAT_TOTAL,20201105,2.00,1,2.00,0,2.00,0,4.00,0,1.00,0,1.00,0,2.00,0,3.00,2.00,0,2.00,0.00,0.00,2.00,1,3.00,2.00,0.00,0.00,4.00,0,0.00,,,49807,702,63.43,63.43,68.57,68.57,68.89,68.89,66.03,66.03,87.50,87.50
Greece,GRC,,,NAT_TOTAL,20201106,2.00,1,2.00,0,2.00,0,4.00,0,1.00,0,1.00,0,2.00,0,3.00,2.00,0,2.00,0.00,0.00,2.00,1,3.00,2.00,0.00,0.00,4.00,0,0.00,,,52254,715,63.43,63.43,68.57,68.57,68.89,68.89,66.03,66.03,87.50,87.50
Greece,GRC,,,NAT_TOTAL,20201107,2.00,1,2.00,0,2.00,1,4.00,1,1.00,1,2.00,1,2.00,1,3.00,2.00,0,2.00,0.00,0.00,2.00,1,3.00,2.00,0.00,0.00,4.00,1,0.00,,,54809,749,78.70,78.70,80.95,80.95,78.89,78.89,77.56,77.56,87.50,87.50
Greece,GRC,,,NAT_TOTAL,20201108,2.00,1,2.00,0,2.00,1,4.00,1,1.00,1,2.00,1,2.00,1,3.00,2.00,0,2.00,0.00,0.00,2.00,1,3.00,2.00,0.00,0.00,4.00,1,0.00,,,56698,784,78.70,78.70,80.95,80.95,78.89,78.89,77.56,77.56,87.50,87.50
Greece,GRC,,,NAT_TOTAL,20201109,2.00,1,2.00,0,2.00,1,4.00,1,1.00,1,2.00,1,2.00,1,3.00,2.00,0,2.00,0.00,0.00,2.00,1,3.00,2.00,0.00,0.00,4.00,1,0.00,,,58187,825,78.70,78.70,80.95,80.95,78.89,78.89,77.56,77.56,87.50,87.50
Greece,GRC,,,NAT_TOTAL,20201110,2.00,1,2.00,0,2.00,1,4.00,1,1.00,1,2.00,1,2.00,1,3.00,2.00,0,2.00,0.00,0.00,2.00,1,3.00,2.00,0.00,0.00,4.00,1,0.00,,,60570,866,78.70,78.70,80.95,80.95,78.89,78.89,77.56,77.56,87.50,87.50
Greece,GRC,,,NAT_TOTAL,20201111,2.00,1,2.00,0,2.00,1,4.00,1,1.00,1,2.00,1,2.00,1,3.00,2.00,0,2.00,0.00,0.00,2.00,1,3.00,2.00,0.00,0.00,4.00,1,0.00,,,63321,909,78.70,78.70,80.95,80.95,78.89,78.89,77.56,77.56,87.50,87.50
Greece,GRC,,,NAT_TOTAL,20201112,2.00,1,2.00,0,2.00,1,4.00,1,1.00,1,2.00,1,2.00,1,3.00,2.00,0,2.00,0.00,0.00,2.00,1,3.00,2.00,0.00,0.00,4.00,1,0.00,,,66637,959,78.70,78.70,80.95,80.95,78.89,78.89,77.56,77.56,87.50,87.50
Greece,GRC,,,NAT_TOTAL,20201113,2.00,1,2.00,0,2.00,1,4.00,1,1.00,1,2.00,1,2.00,1,3.00,2.00,0,2.00,0.00,0.00,2.00,1,3.00,2.00,0.00,0.00,4.00,1,0.00,,,69675,997,78.70,78.70,80.95,80.95,78.89,78.89,77.56,77.56,87.50,87.50
Greece,GRC,,,NAT_TOTAL,20201114,2.00,1,2.00,0,2.00,1,4.00,1,1.00,1,2.00,1,2.00,1,3.00,2.00,0,2.00,0.00,0.00,2.00,1,3.00,2.00,0.00,0.00,4.00,1,0.00,,,72510,1035,78.70,78.70,80.95,80.95,78.89,78.89,77.56,77.56,87.50,87.50
Greece,GRC,,,NAT_TOTAL,20201115,2.00,1,2.00,0,2.00,1,4.00,1,1.00,1,2.00,1,2.00,1,3.00,2.00,0,2.00,0.00,0.00,2.00,1,3.00,2.00,0.00,0.00,4.00,1,0.00,,,74205,1106,78.70,78.70,80.95,80.95,78.89,78.89,77.56,77.56,87.50,87.50
Greece,GRC,,,NAT_TOTAL,20201116,2.00,1,2.00,0,2.00,1,4.00,1,1.00,1,2.00,1,2.00,1,3.00,2.00,0,2.00,0.00,0.00,2.00,1,3.00,2.00,0.00,0.00,4.00,1,0.00,,,76403,1165,78.70,78.70,80.95,80.95,78.89,78.89,77.56,77.56,87.50,87.50
Greece,GRC,,,NAT_TOTAL,20201117,2.00,1,2.00,0,2.00,1,4.00,1,1.00,1,2.00,1,2.00,1,3.00,2.00,0,2.00,0.00,0.00,2.00,1,3.00,2.00,0.00,0.00,4.00,1,0.00,,,78825,1228,78.70,78.70,80.95,80.95,78.89,78.89,77.56,77.56,87.50,87.50
Greece,GRC,,,NAT_TOTAL,20201118,2.00,1,2.00,0,2.00,1,4.00,1,1.00,1,2.00,1,2.00,1,3.00,2.00,0,2.00,0.00,0.00,2.00,1,3.00,2.00,0.00,0.00,4.00,1,0.00,,,82034,1288,78.70,78.70,80.95,80.95,78.89,78.89,77.56,77.56,87.50,87.50
Greece,GRC,,,NAT_TOTAL,20201119,2.00,1,2.00,0,2.00,1,4.00,1,1.00,1,2.00,1,2.00,1,3.00,2.00,0,2.00,6660192.00,0.00,2.00,1,3.00,2.00,0.00,0.00,4.00,1,0.00,,,85261,1347,78.70,78.70,80.95,80.95,78.89,78.89,77.56,77.56,87.50,87.50
Greece,GRC,,,NAT_TOTAL,20201120,2.00,1,2.00,0,2.00,1,4.00,1,1.00,1,2.00,1,2.00,1,3.00,2.00,0,2.00,673648.00,0.00,2.00,1,3.00,2.00,0.00,0.00,4.00,1,0.00,,,87812,1419,78.70,78.70,80.95,80.95,78.89,78.89,77.56,77.56,87.50,87.50
Greece,GRC,,,NAT_TOTAL,20201121,2.00,1,2.00,0,2.00,1,4.00,1,1.00,1,2.00,1,2.00,1,3.00,2.00,0,2.00,0.00,0.00,2.00,1,3.00,2.00,0.00,0.00,4.00,1,0.00,,,90121,1527,78.70,78.70,80.95,80.95,78.89,78.89,77.56,77.56,87.50,87.50
Greece,GRC,,,NAT_TOTAL,20201122,2.00,1,2.00,0,2.00,1,4.00,1,1.00,1,2.00,1,2.00,1,3.00,2.00,0,2.00,0.00,0.00,2.00,1,3.00,2.00,0.00,0.00,4.00,1,0.00,,,91619,1630,78.70,78.70,80.95,80.95,78.89,78.89,77.56,77.56,87.50,87.50
Greece,GRC,,,NAT_TOTAL,20201123,2.00,1,2.00,0,2.00,1,4.00,1,1.00,1,2.00,1,2.00,1,3.00,2.00,0,2.00,0.00,0.00,2.00,1,3.00,2.00,0.00,0.00,4.00,1,0.00,,,93006,1714,78.70,78.70,80.95,80.95,78.89,78.89,77.56,77.56,87.50,87.50
Greece,GRC,,,NAT_TOTAL,20201124,2.00,1,2.00,0,2.00,1,4.00,1,1.00,1,2.00,1,2.00,1,3.00,2.00,0,2.00,0.00,0.00,2.00,1,3.00,2.00,0.00,0.00,4.00,1,0.00,,,95137,1815,78.70,78.70,80.95,80.95,78.89,78.89,77.56,77.56,87.50,87.50
Greece,GRC,,,NAT_TOTAL,20201125,2.00,1,2.00,0,2.00,1,4.00,1,1.00,1,2.00,1,2.00,1,3.00,2.00,0,2.00,0.00,0.00,2.00,1,3.00,2.00,0.00,0.00,4.00,1,0.00,,,97288,1902,78.70,78.70,80.95,80.95,78.89,78.89,77.56,77.56,87.50,87.50
Greece,GRC,,,NAT_TOTAL,20201126,2.00,1,2.00,0,2.00,1,4.00,1,1.00,1,2.00,1,2.00,1,3.00,2.00,0,2.00,0.00,0.00,2.00,1,3.00,2.00,0.00,0.00,4.00,1,0.00,,,99306,2001,78.70,78.70,80.95,80.95,78.89,78.89,77.56,77.56,87.50,87.50
Greece,GRC,,,NAT_TOTAL,20201127,2.00,1,2.00,0,2.00,1,4.00,1,1.00,1,2.00,1,2.00,1,3.00,2.00,0,2.00,0.00,0.00,2.00,1,3.00,2.00,0.00,0.00,4.00,1,0.00,,,101287,2102,78.70,78.70,80.95,80.95,78.89,78.89,77.56,77.56,87.50,87.50
Greece,GRC,,,NAT_TOTAL,20201128,2.00,1,2.00,0,2.00,1,4.00,1,1.00,1,2.00,1,2.00,1,3.00,2.00,0,2.00,0.00,0.00,2.00,1,3.00,2.00,0.00,0.00,4.00,1,0.00,,,103034,2223,78.70,78.70,80.95,80.95,78.89,78.89,77.56,77.56,87.50,87.50
Greece,GRC,,,NAT_TOTAL,20201129,2.00,1,2.00,0,2.00,1,4.00,1,1.00,1,2.00,1,2.00,1,3.00,2.00,0,2.00,0.00,0.00,2.00,1,3.00,2.00,0.00,0.00,4.00,1,0.00,,,104227,2321,78.70,78.70,80.95,80.95,78.89,78.89,77.56,77.56,87.50,87.50
Greece,GRC,,,NAT_TOTAL,20201130,2.00,1,2.00,0,2.00,1,4.00,1,1.00,1,2.00,1,2.00,1,3.00,2.00,0,2.00,0.00,0.00,2.00,1,3.00,2.00,0.00,0.00,4.00,1,0.00,,,105271,2406,78.70,78.70,80.95,80.95,78.89,78.89,77.56,77.56,87.50,87.50
Greece,GRC,,,NAT_TOTAL,20201201,2.00,1,2.00,1,2.00,1,4.00,1,1.00,1,2.00,1,2.00,1,3.00,2.00,0,2.00,0.00,0.00,2.00,1,3.00,2.00,0.00,0.00,4.00,1,0.00,,,107470,2517,80.56,80.56,84.52,84.52,80.00,80.00,78.85,78.85,87.50,87.50
Greece,GRC,,,NAT_TOTAL,20201202,2.00,1,2.00,1,2.00,1,4.00,1,1.00,1,2.00,1,2.00,1,3.00,2.00,0,2.00,0.00,0.00,2.00,1,3.00,2.00,0.00,0.00,4.00,1,0.00,,,109655,2606,80.56,80.56,84.52,84.52,80.00,80.00,78.85,78.85,87.50,87.50
Greece,GRC,,,NAT_TOTAL,20201203,2.00,1,2.00,1,2.00,1,4.00,1,1.00,1,2.00,1,2.00,1,3.00,2.00,0,2.00,28958400000.00,0.00,2.00,1,3.00,2.00,0.00,0.00,4.00,1,0.00,,,111537,2706,80.56,80.56,84.52,84.52,80.00,80.00,78.85,78.85,87.50,87.50
Greece,GRC,,,NAT_TOTAL,20201204,2.00,1,2.00,1,2.00,1,4.00,1,1.00,1,2.00,1,2.00,1,3.00,2.00,0,2.00,0.00,0.00,2.00,1,3.00,2.00,0.00,0.00,4.00,1,0.00,,,113185,2804,80.56,80.56,84.52,84.52,80.00,80.00,78.85,78.85,87.50,87.50
Greece,GRC,,,NAT_TOTAL,20201205,2.00,1,2.00,1,2.00,1,4.00,1,1.00,1,2.00,1,2.00,1,3.00,2.00,0,2.00,0.00,0.00,2.00,1,3.00,2.00,0.00,0.00,4.00,1,0.00,,,114568,2902,80.56,80.56,84.52,84.52,80.00,80.00,78.85,78.85,87.50,87.50
Greece,GRC,,,NAT_TOTAL,20201206,2.00,1,2.00,1,2.00,1,4.00,1,1.00,1,2.00,1,2.00,1,3.00,2.00,0,2.00,0.00,0.00,2.00,1,3.00,2.00,0.00,0.00,4.00,1,0.00,,,115471,3003,80.56,80.56,84.52,84.52,80.00,80.00,78.85,78.85,87.50,87.50
Greece,GRC,,,NAT_TOTAL,20201207,3.00,1,2.00,1,2.00,1,4.00,1,1.00,1,2.00,1,2.00,1,3.00,2.00,0,2.00,0.00,0.00,2.00,1,3.00,2.00,0.00,0.00,4.00,1,0.00,,,116721,3092,84.26,84.26,88.10,88.10,82.22,82.22,81.41,81.41,87.50,87.50
Greece,GRC,,,NAT_TOTAL,20201208,3.00,1,2.00,1,2.00,1,4.00,1,1.00,1,2.00,1,2.00,1,3.00,2.00,0,2.00,0.00,0.00,2.00,1,3.00,2.00,0.00,0.00,4.00,1,0.00,,,118045,3194,84.26,84.26,88.10,88.10,82.22,82.22,81.41,81.41,87.50,87.50
Greece,GRC,,,NAT_TOTAL,20201209,3.00,1,2.00,1,2.00,1,4.00,1,1.00,1,2.00,1,2.00,1,3.00,2.00,0,2.00,0.00,0.00,2.00,1,3.00,2.00,0.00,0.00,4.00,1,0.00,,,119720,3289,84.26,84.26,88.10,88.10,82.22,82.22,81.41,81.41,87.50,87.50
Greece,GRC,,,NAT_TOTAL,20201210,3.00,1,2.00,1,2.00,1,4.00,1,1.00,1,2.00,1,2.00,1,3.00,2.00,0,2.00,0.00,0.00,2.00,1,2.00,2.00,0.00,0.00,4.00,1,0.00,,,121253,3370,84.26,84.26,88.10,88.10,80.00,80.00,78.85,78.85,87.50,87.50
Greece,GRC,,,NAT_TOTAL,20201211,3.00,1,2.00,1,2.00,1,4.00,1,1.00,1,2.00,1,2.00,1,3.00,2.00,0,2.00,0.00,0.00,2.00,1,2.00,2.00,0.00,0.00,4.00,1,0.00,,,122648,3472,84.26,84.26,88.10,88.10,80.00,80.00,78.85,78.85,87.50,87.50
Greece,GRC,,,NAT_TOTAL,20201212,3.00,1,2.00,1,2.00,1,4.00,1,1.00,1,2.00,1,2.00,1,3.00,2.00,0,2.00,0.00,0.00,2.00,1,2.00,2.00,0.00,0.00,4.00,1,0.00,,,123842,3540,84.26,84.26,88.10,88.10,80.00,80.00,78.85,78.85,87.50,87.50
Greece,GRC,,,NAT_TOTAL,20201213,3.00,1,2.00,1,2.00,1,4.00,1,1.00,1,2.00,1,2.00,1,3.00,2.00,0,2.00,0.00,0.00,2.00,1,2.00,2.00,0.00,0.00,4.00,1,0.00,,,124534,3625,84.26,84.26,88.10,88.10,80.00,80.00,78.85,78.85,87.50,87.50
Greece,GRC,,,NAT_TOTAL,20201214,3.00,1,2.00,1,2.00,1,4.00,1,1.00,1,2.00,1,2.00,1,3.00,2.00,0,2.00,0.00,0.00,2.00,1,2.00,2.00,0.00,0.00,4.00,1,0.00,,,125173,3687,84.26,84.26,88.10,88.10,80.00,80.00,78.85,78.85,87.50,87.50
Greece,GRC,,,NAT_TOTAL,20201215,3.00,1,2.00,1,2.00,1,4.00,1,1.00,1,2.00,1,2.00,1,3.00,2.00,0,2.00,0.00,0.00,2.00,1,2.00,2.00,0.00,0.00,4.00,1,0.00,,,126372,3785,84.26,84.26,88.10,88.10,80.00,80.00,78.85,78.85,87.50,87.50
Greece,GRC,,,NAT_TOTAL,20201216,3.00,1,2.00,1,2.00,1,4.00,1,1.00,1,2.00,1,2.00,1,3.00,2.00,0,2.00,154000000.00,0.00,2.00,1,2.00,2.00,0.00,0.00,4.00,1,0.00,,,127557,3870,84.26,84.26,88.10,88.10,80.00,80.00,78.85,78.85,87.50,87.50
Greece,GRC,,,NAT_TOTAL,20201217,3.00,1,2.00,1,2.00,1,4.00,1,1.00,1,2.00,1,2.00,1,3.00,2.00,0,2.00,0.00,0.00,2.00,1,2.00,2.00,0.00,0.00,4.00,1,0.00,,,128710,3948,84.26,84.26,88.10,88.10,80.00,80.00,78.85,78.85,87.50,87.50
Greece,GRC,,,NAT_TOTAL,20201218,3.00,1,2.00,1,2.00,1,4.00,1,1.00,1,2.00,1,2.00,1,3.00,2.00,0,2.00,0.00,0.00,2.00,1,2.00,2.00,0.00,0.00,4.00,1,0.00,,,129584,4044,84.26,84.26,88.10,88.10,80.00,80.00,78.85,78.85,87.50,87.50
Greece,GRC,,,NAT_TOTAL,20201219,3.00,1,2.00,1,2.00,1,4.00,1,1.00,1,2.00,1,2.00,1,3.00,2.00,0,2.00,0.00,0.00,2.00,1,2.00,2.00,0.00,0.00,4.00,1,0.00,,,130485,4102,84.26,84.26,88.10,88.10,80.00,80.00,78.85,78.85,87.50,87.50
Greece,GRC,,,NAT_TOTAL,20201220,3.00,1,2.00,1,2.00,1,4.00,1,1.00,1,2.00,1,2.00,1,3.00,2.00,0,2.00,0.00,0.00,2.00,1,2.00,2.00,0.00,0.00,4.00,1,0.00,,,131072,4172,84.26,84.26,88.10,88.10,80.00,80.00,78.85,78.85,87.50,87.50
Greece,GRC,,,NAT_TOTAL,20201221,3.00,1,2.00,1,2.00,1,4.00,1,1.00,1,2.00,1,2.00,1,3.00,2.00,0,2.00,0.00,0.00,2.00,1,2.00,2.00,0.00,0.00,4.00,1,0.00,,,131597,4257,84.26,84.26,88.10,88.10,80.00,80.00,78.85,78.85,87.50,87.50
Greece,GRC,,,NAT_TOTAL,20201222,3.00,1,2.00,1,2.00,1,4.00,1,1.00,1,2.00,1,2.00,1,3.00,2.00,0,2.00,0.00,0.00,2.00,1,2.00,2.00,0.00,0.00,4.00,1,0.00,,,132430,4340,84.26,84.26,88.10,88.10,80.00,80.00,78.85,78.85,87.50,87.50
Greece,GRC,,,NAT_TOTAL,20201223,3.00,1,2.00,1,2.00,1,4.00,1,1.00,1,2.00,1,2.00,1,3.00,2.00,0,2.00,0.00,0.00,2.00,1,2.00,2.00,0.00,0.00,4.00,1,0.00,,,133365,4402,84.26,84.26,88.10,88.10,80.00,80.00,78.85,78.85,87.50,87.50
Greece,GRC,,,NAT_TOTAL,20201224,3.00,1,2.00,1,2.00,1,4.00,1,1.00,1,2.00,1,2.00,1,3.00,2.00,0,2.00,0.00,0.00,2.00,1,2.00,2.00,0.00,0.00,4.00,1,0.00,,,134235,4457,84.26,84.26,88.10,88.10,80.00,80.00,78.85,78.85,87.50,87.50
Greece,GRC,,,NAT_TOTAL,20201225,3.00,1,2.00,1,2.00,1,4.00,1,1.00,1,2.00,1,2.00,1,3.00,2.00,0,2.00,0.00,0.00,2.00,1,2.00,2.00,0.00,0.00,4.00,1,0.00,,,134852,4507,84.26,84.26,88.10,88.10,80.00,80.00,78.85,78.85,87.50,87.50
Greece,GRC,,,NAT_TOTAL,20201226,3.00,1,2.00,1,2.00,1,4.00,1,1.00,1,2.00,1,2.00,1,3.00,2.00,0,2.00,0.00,0.00,2.00,1,2.00,2.00,0.00,0.00,4.00,1,0.00,,,135114,4553,84.26,84.26,88.10,88.10,80.00,80.00,78.85,78.85,87.50,87.50
Greece,GRC,,,NAT_TOTAL,20201227,3.00,1,2.00,1,2.00,1,4.00,1,1.00,1,2.00,1,2.00,1,3.00,2.00,0,2.00,0.00,0.00,2.00,1,2.00,2.00,0.00,0.00,4.00,1,4.00,1,,135456,4606,84.26,84.26,88.10,88.10,85.33,85.33,85.00,85.00,87.50,87.50
Greece,GRC,,,NAT_TOTAL,20201228,3.00,1,2.00,1,2.00,1,4.00,1,1.00,1,2.00,1,2.00,1,3.00,2.00,0,2.00,0.00,0.00,2.00,1,2.00,2.00,0.00,0.00,4.00,1,4.00,1,,135931,4672,84.26,84.26,88.10,88.10,85.33,85.33,85.00,85.00,87.50,87.50
Greece,GRC,,,NAT_TOTAL,20201229,3.00,1,2.00,1,2.00,1,4.00,1,1.00,1,2.00,1,2.00,1,3.00,2.00,0,2.00,0.00,0.00,2.00,1,2.00,2.00,0.00,0.00,4.00,1,4.00,1,,136976,4730,84.26,84.26,88.10,88.10,85.33,85.33,85.00,85.00,87.50,87.50
Greece,GRC,,,NAT_TOTAL,20201230,3.00,1,2.00,1,2.00,1,4.00,1,1.00,1,2.00,1,2.00,1,3.00,2.00,0,2.00,0.00,0.00,2.00,1,2.00,2.00,0.00,0.00,4.00,1,4.00,1,,137918,4788,84.26,84.26,88.10,88.10,85.33,85.33,85.00,85.00,87.50,87.50
Greece,GRC,,,NAT_TOTAL,20201231,3.00,1,2.00,1,2.00,1,4.00,1,1.00,1,2.00,1,2.00,1,3.00,2.00,0,2.00,0.00,0.00,2.00,1,2.00,2.00,0.00,0.00,4.00,1,4.00,1,,138850,4838,84.26,84.26,88.10,88.10,85.33,85.33,85.00,85.00,87.50,87.50
Greece,GRC,,,NAT_TOTAL,20210101,3.00,1,2.00,1,2.00,1,4.00,1,1.00,1,2.00,1,2.00,1,3.00,2.00,0,2.00,0.00,0.00,2.00,1,2.00,2.00,0.00,0.00,4.00,1,4.00,1,,139447,4881,84.26,84.26,88.10,88.10,85.33,85.33,85.00,85.00,87.50,87.50
Greece,GRC,,,NAT_TOTAL,20210102,3.00,1,2.00,1,2.00,1,4.00,1,1.00,1,2.00,1,2.00,1,3.00,2.00,0,2.00,0.00,0.00,2.00,1,2.00,2.00,0.00,0.00,4.00,1,4.00,1,,139709,4921,84.26,84.26,88.10,88.10,85.33,85.33,85.00,85.00,87.50,87.50
Greece,GRC,,,NAT_TOTAL,20210103,3.00,1,2.00,1,2.00,1,4.00,1,1.00,1,2.00,1,2.00,1,3.00,2.00,0,2.00,0.00,0.00,2.00,1,2.00,2.00,0.00,0.00,4.00,1,4.00,1,,140099,4957,84.26,84.26,88.10,88.10,85.33,85.33,85.00,85.00,87.50,87.50
Greece,GRC,,,NAT_TOTAL,20210104,,,,,,,,,,,,,,,,,,,,,,,,,,,,,,,,,,,84.26,,88.10,,85.33,,85.00,,87.50
