"","CountryCode","CountryName","Date","community_understanding","manage_imported_cases","cases_controlled","test_and_trace","endemic_factor","openness_risk"
"26929","GRC","Greece","2020-01-01",1,1,NA,NA,NA,NA
"26930","GRC","Greece","2020-01-02",1,1,NA,NA,NA,NA
"26931","GRC","Greece","2020-01-03",1,1,NA,NA,NA,NA
"26932","GRC","Greece","2020-01-04",1,1,NA,NA,NA,NA
"26933","GRC","Greece","2020-01-05",1,1,NA,NA,NA,NA
"26934","GRC","Greece","2020-01-06",1,1,NA,NA,NA,NA
"26935","GRC","Greece","2020-01-07",1,1,NA,NA,NA,NA
"26936","GRC","Greece","2020-01-08",1,1,NA,NA,NA,NA
"26937","GRC","Greece","2020-01-09",1,1,NA,NA,NA,NA
"26938","GRC","Greece","2020-01-10",1,1,NA,NA,NA,NA
"26939","GRC","Greece","2020-01-11",1,1,NA,NA,NA,NA
"26940","GRC","Greece","2020-01-12",1,1,NA,NA,NA,NA
"26941","GRC","Greece","2020-01-13",1,1,NA,NA,NA,NA
"26942","GRC","Greece","2020-01-14",1,1,NA,NA,NA,NA
"26943","GRC","Greece","2020-01-15",1,1,NA,NA,NA,NA
"26944","GRC","Greece","2020-01-16",1,1,NA,NA,NA,NA
"26945","GRC","Greece","2020-01-17",1,1,NA,NA,NA,NA
"26946","GRC","Greece","2020-01-18",1,1,NA,NA,NA,NA
"26947","GRC","Greece","2020-01-19",1,1,NA,NA,NA,NA
"26948","GRC","Greece","2020-01-20",1,1,NA,NA,NA,NA
"26949","GRC","Greece","2020-01-21",1,1,NA,NA,NA,NA
"26950","GRC","Greece","2020-01-22",1,1,NA,0.675001815787768,NA,NA
"26951","GRC","Greece","2020-01-23",1,1,0,0.714926019860608,0,0.678731504965152
"26952","GRC","Greece","2020-01-24",1,1,0,0.694461192348588,0,0.673615298087147
"26953","GRC","Greece","2020-01-25",1,1,0,0.715271420894588,0,0.678817855223647
"26954","GRC","Greece","2020-01-26",1,1,0,0.712333083804854,0,0.678083270951213
"26955","GRC","Greece","2020-01-27",1,1,0,0.692141870845606,0,0.673035467711401
"26956","GRC","Greece","2020-01-28",1,1,0,0.694692658898254,0,0.673673164724564
"26957","GRC","Greece","2020-01-29",1,1,0,0.692672601867823,0,0.673168150466956
"26958","GRC","Greece","2020-01-30",1,1,0,0.680779724550343,0,0.670194931137586
"26959","GRC","Greece","2020-01-31",1,1,0,0.716221482957385,0,0.679055370739346
"26960","GRC","Greece","2020-02-01",1,1,0,0.705187532968971,0,0.676296883242243
"26961","GRC","Greece","2020-02-02",1,1,0,0.703715354449319,0,0.67592883861233
"26962","GRC","Greece","2020-02-03",1,1,0,0.701019949443789,0,0.675254987360947
"26963","GRC","Greece","2020-02-04",1,1,0,0.692779698363921,0,0.67319492459098
"26964","GRC","Greece","2020-02-05",1,1,0,0.681884742252747,0,0.670471185563187
"26965","GRC","Greece","2020-02-06",1,1,0,0.718171186674045,0,0.679542796668511
"26966","GRC","Greece","2020-02-07",1,1,0,0.721432864392932,0,0.680358216098233
"26967","GRC","Greece","2020-02-08",1,1,0,0.713720396598736,0,0.678430099149684
"26968","GRC","Greece","2020-02-09",1,1,0,0.698050108068704,0,0.674512527017176
"26969","GRC","Greece","2020-02-10",1,1,0,0.697377198581266,0,0.674344299645316
"26970","GRC","Greece","2020-02-11",1,1,0,0.692859386519122,0,0.67321484662978
"26971","GRC","Greece","2020-02-12",1,1,0,0.686437816432351,0,0.671609454108088
"26972","GRC","Greece","2020-02-13",1,1,0,0.679657461954226,0,0.669914365488557
"26973","GRC","Greece","2020-02-14",1,1,0,0.684060772209777,0,0.671015193052444
"26974","GRC","Greece","2020-02-15",1,1,0,0.68330256853564,0,0.67082564213391
"26975","GRC","Greece","2020-02-16",1,1,0,0.702134620028715,0,0.675533655007179
"26976","GRC","Greece","2020-02-17",1,1,0,0.698127991451164,0,0.674531997862791
"26977","GRC","Greece","2020-02-18",1,1,0,0.71353564167629,0,0.678383910419073
"26978","GRC","Greece","2020-02-19",1,1,0,0.69728634871237,0,0.674321587178093
"26979","GRC","Greece","2020-02-20",1,1,0,0.720339030731279,0,0.68008475768282
"26980","GRC","Greece","2020-02-21",1,1,0,0.733729748127846,0,0.683432437031962
"26981","GRC","Greece","2020-02-22",1,1,0,0.735311053158854,0,0.683827763289714
"26982","GRC","Greece","2020-02-23",1,1,0,0.732097302981154,0,0.683024325745288
"26983","GRC","Greece","2020-02-24",1,1,0,0.735035404505429,0,0.683758851126357
"26984","GRC","Greece","2020-02-25",0.40642857142857,1,0,0.714963792335313,0,0.530348090940971
"26985","GRC","Greece","2020-02-26",0.407589795918366,1,0.00285714285714286,0.713692194761971,0,0.53103478338437
"26986","GRC","Greece","2020-02-27",0.409912244897958,1,0.00857142857142857,0.733665741226351,0,0.538037353673934
"26987","GRC","Greece","2020-02-28",0.404812244897959,1,0.0114285714285714,0.796382059402898,0,0.553155718932357
"26988","GRC","Greece","2020-02-29",0.403367346938776,1,0.0114285714285714,0.773355512029209,0,0.547037857599139
"26989","GRC","Greece","2020-03-01",0.4046,1,0.02,0.772860440378546,0,0.549365110094636
"26990","GRC","Greece","2020-03-02",0.403385714285714,1,0.02,0.773236784057343,0,0.549155624585764
"26991","GRC","Greece","2020-03-03",0.4012,1,0.02,0.753797152552221,0,0.543749288138055
"26992","GRC","Greece","2020-03-04",0.399401360544218,1,0.0228571428571428,0.812546443492484,0,0.558701236723461
"26993","GRC","Greece","2020-03-05",0.412714285714286,1,0.08,0.808291418459553,0,0.57525142604346
"26994","GRC","Greece","2020-03-06",0.426908163265306,1,0.117142857142857,0.788706029746873,0,0.583189262538759
"26995","GRC","Greece","2020-03-07",0.428,1,0.12,0.793554755133937,0,0.585388688783484
"26996","GRC","Greece","2020-03-08",0.454204081632653,1,0.188571428571429,0.798032198112964,0,0.610201927079261
"26997","GRC","Greece","2020-03-09",0.441186394557823,1,0.188571428571429,0.805106400886923,0,0.608716056004044
"26998","GRC","Greece","2020-03-10",0.437583673469388,1,0.234285714285714,0.806012143698022,0,0.619470382863281
"26999","GRC","Greece","2020-03-11",0.413659863945578,1,0.257142857142857,0.779945828836876,0,0.612687137481328
"27000","GRC","Greece","2020-03-12",0.351745578231292,1,0.194285714285714,0.88113250643256,0,0.606790949737392
"27001","GRC","Greece","2020-03-13",0.375459183673469,1,0.414285714285714,0.82661436002233,0,0.654089814495378
"27002","GRC","Greece","2020-03-14",0.352857142857143,0,0.52,0.819446596856473,0,0.423075934928404
"27003","GRC","Greece","2020-03-15",0.34494693877551,0,0.737142857142857,0.877734451258828,0,0.489956061794299
"27004","GRC","Greece","2020-03-16",0.29076462585034,0,0.737142857142857,0.87431562717521,0,0.475555777542102
"27005","GRC","Greece","2020-03-17",0.262285714285714,0,0.851428571428572,0.891050668069544,0,0.501191238445958
"27006","GRC","Greece","2020-03-18",0.242114285714285,0,0.911428571428572,0.888116539720106,0,0.510414849215741
"27007","GRC","Greece","2020-03-19",0.232102040816327,0,0.911428571428571,0.811780182689722,0,0.488827698733655
"27008","GRC","Greece","2020-03-20",0.19828231292517,0,0.871428571428571,0.850972323559408,0,0.480170801978287
"27009","GRC","Greece","2020-03-21",0.172092517006803,0,0.862857142857143,0.842985600959207,0,0.469483815205788
"27010","GRC","Greece","2020-03-22",0.132536734693877,0,0.837142857142857,0.848861917288851,0,0.454635377281396
"27011","GRC","Greece","2020-03-23",0.126190476190476,0,1,0.848246891367515,0,0.493609341889498
"27012","GRC","Greece","2020-03-24",0.109047619047619,0,1,0.846075665160974,0,0.488780821052148
"27013","GRC","Greece","2020-03-25",0.095714285714286,0,1,0.837570602813677,0,0.483321222131991
"27014","GRC","Greece","2020-03-26",0.08,0,1,0.837924063046784,0,0.479481015761696
"27015","GRC","Greece","2020-03-27",0.08,0,1,0.827322411730619,0,0.476830602932655
"27016","GRC","Greece","2020-03-28",0.08,0,1,0.824659277111014,0,0.476164819277754
"27017","GRC","Greece","2020-03-29",0.08,0,1,0.822196227442859,0,0.475549056860715
"27018","GRC","Greece","2020-03-30",0.08,0,1,0.820837129420212,0,0.475209282355053
"27019","GRC","Greece","2020-03-31",0.08,0,1,0.823610743603842,0,0.475902685900961
"27020","GRC","Greece","2020-04-01",0.08,0,1,0.803837383417832,0,0.470959345854458
"27021","GRC","Greece","2020-04-02",0.08,0,1,0.813484119013001,0,0.47337102975325
"27022","GRC","Greece","2020-04-03",0.08,0,1,0.795413448212337,0,0.468853362053084
"27023","GRC","Greece","2020-04-04",0.08,0,1,0.79357269500848,0,0.46839317375212
"27024","GRC","Greece","2020-04-05",0.08,0,1,0.78872495491877,0,0.467181238729692
"27025","GRC","Greece","2020-04-06",0.08,0,1,0.807381331328703,0,0.471845332832176
"27026","GRC","Greece","2020-04-07",0.08,0,1,0.811966271416327,0,0.472991567854082
"27027","GRC","Greece","2020-04-08",0.08,0,1,0.631876006764221,0,0.427969001691055
"27028","GRC","Greece","2020-04-09",0.08,0,1,0.632856982438713,0,0.428214245609678
"27029","GRC","Greece","2020-04-10",0.08,0,1,0.656351100936216,0,0.434087775234054
"27030","GRC","Greece","2020-04-11",0.08,0,1,0.657612014081531,0,0.434403003520383
"27031","GRC","Greece","2020-04-12",0.08,0,1,0.650531066380031,0,0.432632766595008
"27032","GRC","Greece","2020-04-13",0.08,0,1,0.653333984813107,0,0.433333496203277
"27033","GRC","Greece","2020-04-14",0.0786285714285715,0,0.965714285714289,0.656332988785247,0,0.425168961482027
"27034","GRC","Greece","2020-04-15",0.0752,0,0.88,0.65305532653215,0,0.402063831633037
"27035","GRC","Greece","2020-04-16",0.0688,0,0.72,0.651309419666597,0,0.360027354916649
"27036","GRC","Greece","2020-04-17",0.0643428571428569,0,0.608571428571422,0.648571157966829,0,0.330371360920277
"27037","GRC","Greece","2020-04-18",0.0576,0,0.44,0.646924548978871,0,0.286131137244718
"27038","GRC","Greece","2020-04-19",0.0538285714285717,0,0.345714285714294,0.647143836243993,0,0.261671673346715
"27039","GRC","Greece","2020-04-20",0.0514285714285714,0,0.285714285714284,0.647805677719377,0,0.246237133715558
"27040","GRC","Greece","2020-04-21",0.0664,0,0.66,0.646794057954268,0,0.343298514488567
"27041","GRC","Greece","2020-04-22",0.0646857142857141,0,0.617142857142853,0.646355490982151,0,0.33204601560268
"27042","GRC","Greece","2020-04-23",0.0775020408163268,0,0.731428571428569,0.64433961652702,0,0.363317557192979
"27043","GRC","Greece","2020-04-24",0.0829714285714283,0,0.76,0.642720822806811,0,0.37142306284456
"27044","GRC","Greece","2020-04-25",0.0904040816326532,0,0.774285714285716,0.64165113640396,0,0.376585233080582
"27045","GRC","Greece","2020-04-26",0.0920054421768708,0,0.805714285714284,0.640605551939907,0,0.384581319957765
"27046","GRC","Greece","2020-04-27",0.0930244897959189,0,0.825714285714294,0.619892846448429,0,0.38465790548966
"27047","GRC","Greece","2020-04-28",0.0749727891156462,0,0.471428571428569,0.616905189101162,0,0.290826637411344
"27048","GRC","Greece","2020-04-29",0.0754095238095239,0,0.48,0.61598243329108,0,0.292847989275151
"27049","GRC","Greece","2020-04-30",0.0695863945578231,0,0.365714285714284,0.614051075150602,0,0.262337938855677
"27050","GRC","Greece","2020-05-01",0.0687129251700682,0,0.348571428571431,0.61370397802585,0,0.257747082941837
"27051","GRC","Greece","2020-05-02",0.0675482993197279,0,0.325714285714284,0.614691521954425,0,0.251988526747109
"27052","GRC","Greece","2020-05-03",0.0668204081632652,0,0.311428571428569,0.616221682626043,0,0.248617665554469
"27053","GRC","Greece","2020-05-04",0.0652190476190477,0,0.28,0.614754445490034,0,0.23999337327727
"27054","GRC","Greece","2020-05-05",0.0620163265306126,0,0.217142857142862,0.61269339611596,0,0.222963144947359
"27055","GRC","Greece","2020-05-06",0.0636176870748297,0,0.248571428571422,0.608525392786275,0,0.230178627108132
"27056","GRC","Greece","2020-05-07",0.0636176870748301,0,0.248571428571431,0.609677068291599,0,0.230466545984465
"27057","GRC","Greece","2020-05-08",0.0624530612244898,0,0.225714285714284,0.605785810773444,0,0.223488289428055
"27058","GRC","Greece","2020-05-09",0.0640544217687078,0,0.257142857142862,0.603716607865398,0,0.231228471694242
"27059","GRC","Greece","2020-05-10",0.0640544217687073,0,0.257142857142853,0.602113729902822,0,0.230827752203596
"27060","GRC","Greece","2020-05-11",0.0646367346938777,0,0.268571428571431,0.594611283668422,0,0.231954861733433
"27061","GRC","Greece","2020-05-12",0.0658013605442176,0,0.291428571428569,0.583615225740893,0,0.23521128942842
"27062","GRC","Greece","2020-05-13",0.065073469387755,0,0.277142857142853,0.57061744932767,0,0.22820844396457
"27063","GRC","Greece","2020-05-14",0.0643455782312928,0,0.262857142857147,0.567282731584762,0,0.2236213631683
"27064","GRC","Greece","2020-05-15",0.0682761904761905,0,0.34,0.565672564838348,0,0.243487188828635
"27065","GRC","Greece","2020-05-16",0.0668204081632652,0,0.311428571428569,0.561349599013885,0,0.23489964465143
"27066","GRC","Greece","2020-05-17",0.0681306122448983,0,0.337142857142862,0.559515116816223,0,0.241197146550996
"27067","GRC","Greece","2020-05-18",0.0760408163265309,0,0.314285714285716,0.557981893354512,0,0.23707710599169
"27068","GRC","Greece","2020-05-19",0.0804013605442171,0,0.274285714285706,0.555526482802881,0,0.227553389408201
"27069","GRC","Greece","2020-05-20",0.0939863945578232,0,0.257142857142862,0.553616836152259,0,0.226186521963236
"27070","GRC","Greece","2020-05-21",0.114288435374149,0,0.237142857142853,0.550643169089406,0,0.225518615401602
"27071","GRC","Greece","2020-05-22",0.116877551020409,0,0.182857142857147,0.549593221478915,0,0.212331978839118
"27072","GRC","Greece","2020-05-23",0.121546258503401,0,0.162857142857138,0.546710257012239,0,0.207778414593194
"27073","GRC","Greece","2020-05-24",0.117663945578232,0,0.125714285714294,0.545431577808924,0,0.197202452275362
"27074","GRC","Greece","2020-05-25",0.118261224489796,0,0.131428571428569,0.544953285179462,0,0.198660770274457
"27075","GRC","Greece","2020-05-26",0.122240816326531,0,0.148571428571431,0.541961764550164,0,0.203193502362032
"27076","GRC","Greece","2020-05-27",0.125560544217687,0,0.151428571428569,0.539290464840821,0,0.204069895121769
"27077","GRC","Greece","2020-05-28",0.137897278911564,0,0.151428571428569,0.537084320876282,0,0.206602542804104
"27078","GRC","Greece","2020-05-29",0.14352380952381,0,0.1,0.532913776403019,0,0.194109396481707
"27079","GRC","Greece","2020-05-30",0.15665850340136,0,0.111428571428569,0.281609446020982,0,0.137424130212728
"27080","GRC","Greece","2020-05-31",0.165920408163266,0,0.111428571428578,0.280485556169089,0,0.139458633940233
"27081","GRC","Greece","2020-06-01",0.190374149659863,0,0.102857142857138,0.27956537208938,0,0.143199166151595
"27082","GRC","Greece","2020-06-02",0.209323129251701,0,0.128571428571431,0.278219066318682,0,0.154028406035454
"27083","GRC","Greece","2020-06-03",0.218122448979591,0,0.0971428571428532,0.278700798563665,0,0.148491526171527
"27084","GRC","Greece","2020-06-04",0.234367346938777,0,0.131428571428578,0.275904341692327,0,0.16042506501492
"27085","GRC","Greece","2020-06-05",0.250628571428571,0,0.165714285714284,0.275891454305474,0,0.173058577862082
"27086","GRC","Greece","2020-06-06",0.263115646258503,0,0.185714285714284,0.275720281377112,0,0.181137553337475
"27087","GRC","Greece","2020-06-07",0.282278911564626,0,0.228571428571431,0.275260327328984,0,0.19652766686626
"27088","GRC","Greece","2020-06-08",0.323938775510204,0,0.374285714285716,0.265436463197975,0,0.240915238248474
"27089","GRC","Greece","2020-06-09",0.324573469387754,0,0.345714285714284,0.264990701618963,0,0.233819614180251
"27090","GRC","Greece","2020-06-10",0.331791836734694,0,0.374285714285716,0.264854185754265,0,0.242732934193669
"27091","GRC","Greece","2020-06-11",0.340530612244897,0,0.388571428571422,0.263712500498169,0,0.248203635328622
"27092","GRC","Greece","2020-06-12",0.348376190476192,0,0.402857142857147,0.262740809255072,0,0.253493535647103
"27093","GRC","Greece","2020-06-13",0.347892517006802,0,0.377142857142853,0.261461584354972,0,0.246624239626157
"27094","GRC","Greece","2020-06-14",0.345342857142858,0,0.354285714285716,0.259740035976544,0,0.239842151851279
"27095","GRC","Greece","2020-06-15",0.32195918367347,0.5,0.242857142857147,0.259089908915621,0,0.33097655886156
"27096","GRC","Greece","2020-06-16",0.331945578231291,0.5,0.257142857142853,0.25809026668674,0,0.336794675515221
"27097","GRC","Greece","2020-06-17",0.377112244897959,0.5,0.385714285714284,0.258144436261226,0,0.380242741718367
"27098","GRC","Greece","2020-06-18",0.386542857142858,0.5,0.397142857142862,0.257334761767535,0,0.385255119013314
"27099","GRC","Greece","2020-06-19",0.378638095238093,0.5,0.368571428571422,0.256533522599358,0,0.375935761602218
"27100","GRC","Greece","2020-06-20",0.392847619047621,0.5,0.411428571428578,0.255909046963628,0,0.390046309359957
"27101","GRC","Greece","2020-06-21",0.400377551020408,0.5,0.414285714285716,0.254842404111079,0,0.392376417354301
"27102","GRC","Greece","2020-06-22",0.41437619047619,0.5,0.437142857142853,0.254787525274372,0,0.401576643223354
"27103","GRC","Greece","2020-06-23",0.426171428571429,0.5,0.44,0.170689952582984,0,0.384215345288603
"27104","GRC","Greece","2020-06-24",0.395134013605442,0.5,0.305714285714284,0.17991242032178,0,0.345190179910376
"27105","GRC","Greece","2020-06-25",0.386008163265307,0.5,0.268571428571431,0.180256448165969,0,0.333709010000677
"27106","GRC","Greece","2020-06-26",0.407297959183672,0.5,0.302857142857138,0.17989691869207,0,0.34751300518322
"27107","GRC","Greece","2020-06-27",0.418380952380953,0.5,0.314285714285716,0.179149924660384,0,0.352954147831763
"27108","GRC","Greece","2020-06-28",0.427142857142858,0.5,0.314285714285716,0.178301899256865,0,0.354932617671359
"27109","GRC","Greece","2020-06-29",0.425573469387756,0.5,0.294285714285716,0.177781875213122,0,0.349410264721648
"27110","GRC","Greece","2020-06-30",0.429331292517007,0.5,0.305714285714284,0.177397894547976,0,0.353110868194817
"27111","GRC","Greece","2020-07-01",0.443423129251702,0.5,0.348571428571431,0.177344608814502,0,0.367334791659409
"27112","GRC","Greece","2020-07-02",0.457514965986394,0,0.391428571428569,0.177036128800721,0,0.256494916553921
"27113","GRC","Greece","2020-07-03",0.463151700680273,0,0.408571428571431,0.17653909473388,0,0.262065555996396
"27114","GRC","Greece","2020-07-04",0.465030612244899,0,0.414285714285716,0.175825421415296,0,0.263785436986477
"27115","GRC","Greece","2020-07-05",0.46315170068027,0,0.408571428571422,0.17471644743664,0,0.261609894172083
"27116","GRC","Greece","2020-07-06",0.490395918367349,0,0.491428571428578,0.175106631050648,0,0.289232780211644
"27117","GRC","Greece","2020-07-07",0.499353741496599,0,0.514285714285716,0.173909207177431,0,0.296887165739936
"27118","GRC","Greece","2020-07-08",0.50877551020408,0,0.542857142857138,0.173419088353631,0,0.306262935353712
"27119","GRC","Greece","2020-07-09",0.548269387755102,0,0.611428571428569,0.173796445228935,0,0.333373601103151
"27120","GRC","Greece","2020-07-10",0.582620408163266,0,0.702857142857147,0.174169133198816,0,0.364911671054807
"27121","GRC","Greece","2020-07-11",0.597283673469387,0,0.745714285714284,0.173474325723679,0,0.379118071226838
"27122","GRC","Greece","2020-07-12",0.619767346938774,0,0.811428571428569,0.173427311899837,0,0.401155807566795
"27123","GRC","Greece","2020-07-13",0.600216326530612,0,0.754285714285716,0.172405534905338,0,0.381726893930416
"27124","GRC","Greece","2020-07-14",0.629542857142857,0,0.84,0.172881043266075,0,0.410605975102233
"27125","GRC","Greece","2020-07-15",0.623677551020409,0,0.822857142857147,0.172476632117279,0,0.404752831498709
"27126","GRC","Greece","2020-07-16",0.603148979591835,0,0.762857142857138,0.171947940630857,0,0.384488515769957
"27127","GRC","Greece","2020-07-17",0.568934693877552,0,0.662857142857147,0.171725865316048,0,0.350879425512687
"27128","GRC","Greece","2020-07-18",0.550314285714287,0,0.602857142857147,0.171499342449235,0,0.331167692755167
"27129","GRC","Greece","2020-07-19",0.546462585034012,0,0.582857142857138,0.170987146237914,0,0.325076718532266
"27130","GRC","Greece","2020-07-20",0.532353741496598,0,0.531428571428569,0.170677924758055,0,0.308615059420805
"27131","GRC","Greece","2020-07-21",0.513948979591839,0,0.471428571428578,0.170351398927757,0,0.288932237487044
"27132","GRC","Greece","2020-07-22",0.519110204081631,0,0.477142857142853,0.170141732325717,0,0.291598698387551
"27133","GRC","Greece","2020-07-23",0.533050340136055,0,0.488571428571431,0.169779275297798,0,0.297850261001321
"27134","GRC","Greece","2020-07-24",0.540138775510205,0,0.488571428571431,0.169327684801492,0,0.299509472220782
"27135","GRC","Greece","2020-07-25",0.55729319727891,0,0.522857142857138,0.169114680176541,0,0.312316255078147
"27136","GRC","Greece","2020-07-26",0.563711564625853,0,0.531428571428578,0.168288797294378,0,0.315857233337202
"27137","GRC","Greece","2020-07-27",0.596517006802718,0,0.614285714285706,0.168288501738979,0,0.344772805706851
"27138","GRC","Greece","2020-07-28",0.615780952380953,0,0.66,0.16809971643074,0,0.360970167202923
"27139","GRC","Greece","2020-07-29",0.648357142857143,0,0.74,0.160964218939264,0,0.387330340449102
"27140","GRC","Greece","2020-07-30",0.685041496598638,0,0.831428571428569,0.16093143047516,0,0.419350374625592
"27141","GRC","Greece","2020-07-31",0.740957823129253,0,0.977142857142862,0.16093143047516,0,0.469758027686819
"27142","GRC","Greece","2020-08-01",0.752380952380952,0,1,0.161249873155064,0,0.478407706384004
"27143","GRC","Greece","2020-08-02",0.755714285714286,0,1,0.161137840238627,0,0.479213031488228
"27144","GRC","Greece","2020-08-03",0.755714285714286,0,1,0.159875155654914,0,0.4788973603423
"27145","GRC","Greece","2020-08-04",0.757142857142857,0,1,0.157266651517169,0,0.478602377165007
"27146","GRC","Greece","2020-08-05",0.762380952380952,0,1,0.157797171549876,0,0.480044530982707
"27147","GRC","Greece","2020-08-06",0.764285714285714,0,1,0.184433750675711,0,0.487179866240356
"27148","GRC","Greece","2020-08-07",0.764285714285714,0,1,0.18497517782003,0,0.487315223026436
"27149","GRC","Greece","2020-08-08",0.767142857142857,0,1,0.186203498941911,0,0.488336589021192
"27150","GRC","Greece","2020-08-09",0.769523809523809,0,1,0.186948023388865,0,0.489117958228169
"27151","GRC","Greece","2020-08-10",0.763809523809524,0,1,0.18778948082472,0,0.487899751158561
"27152","GRC","Greece","2020-08-11",0.759523809523809,0,1,0.188921087356414,0,0.487111224220056
"27153","GRC","Greece","2020-08-12",0.732857142857143,0,1,0.190780925623804,0,0.480909517120237
"27154","GRC","Greece","2020-08-13",0.732857142857143,0,1,0.192085025017767,0,0.481235541968728
"27155","GRC","Greece","2020-08-14",0.727142857142857,0,1,0.192448913168253,0,0.479897942577778
"27156","GRC","Greece","2020-08-15",0.722380952380952,0,1,0.193990761553518,0,0.479092928483618
"27157","GRC","Greece","2020-08-16",0.716666666666667,0,1,0.195323256764558,0,0.477997480857806
"27158","GRC","Greece","2020-08-17",0.711428571428571,0,1,0.195887483228705,0,0.476829013664319
"27159","GRC","Greece","2020-08-18",0.707619047619048,0,1,0.196998388909402,0,0.476154359132112
"27160","GRC","Greece","2020-08-19",0.707619047619048,0,1,0.193377440976438,0,0.475249122148871
"27161","GRC","Greece","2020-08-20",0.707619047619048,0,1,0.194433194581462,0,0.475513060550128
"27162","GRC","Greece","2020-08-21",0.707619047619048,0,1,0.194430043823184,0,0.475512272860558
"27163","GRC","Greece","2020-08-22",0.707619047619048,0,1,0.194318972894407,0,0.475484505128364
"27164","GRC","Greece","2020-08-23",0.707619047619048,0,1,0.197303823142756,0,0.476230717690451
"27165","GRC","Greece","2020-08-24",0.707619047619048,0,1,0.197646270092628,0,0.476316329427919
"27166","GRC","Greece","2020-08-25",0.707619047619048,0,1,0.197854607190428,0,0.476368413702369
"27167","GRC","Greece","2020-08-26",0.707619047619048,0,1,0.197895479251618,0,0.476378631717667
"27168","GRC","Greece","2020-08-27",0.707619047619048,0,1,0.199571815395531,0,0.476797715753645
"27169","GRC","Greece","2020-08-28",0.707619047619048,0,1,0.200369311624222,0,0.476997089810818
"27170","GRC","Greece","2020-08-29",0.707619047619048,0,1,0.200555687594711,0,0.47704368380344
"27171","GRC","Greece","2020-08-30",0.707619047619048,0,1,0.200552684390574,0,0.477042933002405
"27172","GRC","Greece","2020-08-31",0.707619047619048,0,1,0.201165210168401,0,0.477196064446862
"27173","GRC","Greece","2020-09-01",0.707619047619048,0,1,0.201417372028803,0,0.477259104911963
"27174","GRC","Greece","2020-09-02",0.707619047619048,0,1,0.202010160109304,0,0.477407301932088
"27175","GRC","Greece","2020-09-03",0.707619047619048,0,1,0.202962295377285,0,0.477645335749083
"27176","GRC","Greece","2020-09-04",0.707619047619048,0,1,0.203275995660366,0,0.477723760819853
"27177","GRC","Greece","2020-09-05",0.707619047619048,0,1,0.203553435000617,0,0.477793120654916
"27178","GRC","Greece","2020-09-06",0.707619047619048,0,1,0.203357611279849,0,0.477744164724724
"27179","GRC","Greece","2020-09-07",0.707619047619048,0,1,0.203393906066877,0,0.477753238421481
"27180","GRC","Greece","2020-09-08",0.707619047619048,0,1,0.203663130237215,0,0.477820544464066
"27181","GRC","Greece","2020-09-09",0.707619047619048,0,1,0.204464714602318,0,0.478020940555341
"27182","GRC","Greece","2020-09-10",0.707619047619048,0,1,0.204448646845777,0,0.478016923616206
"27183","GRC","Greece","2020-09-11",0.707619047619048,0,1,0.206210939881506,0,0.478457496875139
"27184","GRC","Greece","2020-09-12",0.707619047619048,0,1,0.206178091701685,0,0.478449284830183
"27185","GRC","Greece","2020-09-13",0.707619047619048,0,1,0.206704537207141,0,0.478580896206547
"27186","GRC","Greece","2020-09-14",0.707619047619048,0,1,0.20729060619159,0,0.478727413452659
"27187","GRC","Greece","2020-09-15",0.729047619047619,0,1,0.207407521259294,0,0.484113785076728
"27188","GRC","Greece","2020-09-16",0.729047619047619,0,1,0.209104204172615,0,0.484537955805059
"27189","GRC","Greece","2020-09-17",0.729523809523809,0,1,0.209152067225714,0,0.484668969187381
"27190","GRC","Greece","2020-09-18",0.727142857142857,0,1,0.211066945538603,0,0.484552450670365
"27191","GRC","Greece","2020-09-19",0.722380952380952,0,1,0.211464195431765,0,0.483461286953179
"27192","GRC","Greece","2020-09-20",0.716666666666667,0,1,0.211581163300669,0,0.482061957491834
"27193","GRC","Greece","2020-09-21",0.714285714285714,0,1,0.21312409818236,0,0.481852453117019
"27194","GRC","Greece","2020-09-22",0.714285714285714,0,1,0.214220351825572,0,0.482126516527822
"27195","GRC","Greece","2020-09-23",0.714285714285714,0,1,0.214976045756874,0,0.482315440010647
"27196","GRC","Greece","2020-09-24",0.714285714285714,0,1,0.215676328134562,0,0.482490510605069
"27197","GRC","Greece","2020-09-25",0.714285714285714,0,1,0.216048205390848,0,0.48258347991914
"27198","GRC","Greece","2020-09-26",0.714285714285714,0,1,0.216328337825474,0,0.482653513027797
"27199","GRC","Greece","2020-09-27",0.714285714285714,0,1,0.216501911406309,0,0.482696906423006
"27200","GRC","Greece","2020-09-28",0.714285714285714,0,1,0.217204496750388,0,0.482872552759026
"27201","GRC","Greece","2020-09-29",0.714285714285714,0,1,0.217330964388463,0,0.482904169668544
"27202","GRC","Greece","2020-09-30",0.714285714285714,0,1,0.219082104251095,0,0.483341954634202
"27203","GRC","Greece","2020-10-01",0.714285714285714,0,1,0.220096447103367,0,0.48359554034727
"27204","GRC","Greece","2020-10-02",0.714285714285714,0,1,0.221297390832186,0,0.483895776279475
"27205","GRC","Greece","2020-10-03",0.714285714285714,0,1,0.22164810999819,0,0.483983456070976
"27206","GRC","Greece","2020-10-04",0.714285714285714,0,1,0.221990295787285,0,0.48406900251825
"27207","GRC","Greece","2020-10-05",0.714285714285714,0,1,0.222653929622175,0,0.484234910976972
"27208","GRC","Greece","2020-10-06",0.714285714285714,0,1,0.223557876304262,0,0.484460897647494
"27209","GRC","Greece","2020-10-07",0.714285714285714,0,1,0.22440609705754,0,0.484672952835814
"27210","GRC","Greece","2020-10-08",0.714285714285714,0,1,0.225322493369859,0,0.484902051913893
"27211","GRC","Greece","2020-10-09",0.713333333333333,0,1,0.226117587366027,0,0.48486273017484
"27212","GRC","Greece","2020-10-10",0.710476190476191,0,1,0.226255122581144,0,0.484182828264334
"27213","GRC","Greece","2020-10-11",0.710476190476191,0,1,0.226602043559471,0,0.484269558508916
"27214","GRC","Greece","2020-10-12",0.707619047619048,0,1,0.22737894473001,0,0.483749498087264
"27215","GRC","Greece","2020-10-13",0.707619047619048,0,1,0.227809339965131,0,0.483857096896045
"27216","GRC","Greece","2020-10-14",0.703333333333333,0,1,0.228411761543856,0,0.482936273719297
"27217","GRC","Greece","2020-10-15",0.699523809523809,0,1,0.228752651860971,0,0.482069115346195
"27218","GRC","Greece","2020-10-16",0.697142857142857,0,1,0.229486137347519,0,0.481657248622594
"27219","GRC","Greece","2020-10-17",0.694285714285714,0,1,0.229985727718037,0,0.481067860500938
"27220","GRC","Greece","2020-10-18",0.687619047619048,0,1,0.230464667897605,0,0.479520928879163
"27221","GRC","Greece","2020-10-19",0.687619047619048,0,1,0.231414827743229,0,0.479758468840569
"27222","GRC","Greece","2020-10-20",0.687619047619048,0,1,0.232452388012781,0,0.480017858907957
"27223","GRC","Greece","2020-10-21",0.687619047619048,0,1,0.233784418302117,0.00748542393902847,0.484240660544235
"27224","GRC","Greece","2020-10-22",0.682857142857143,0,1,0.235099161759783,0.0456599656496586,0.503255587057301
"27225","GRC","Greece","2020-10-23",0.682857142857143,0,1,0.236415130811423,0.0756669309942967,0.519178638738702
"27226","GRC","Greece","2020-10-24",0.682857142857143,0,1,0.237730206809387,0.115883366796425,0.540389172136563
"27227","GRC","Greece","2020-10-25",0.638571428571429,0,1,0.238612790139224,0.147133224196758,0.547380237246879
"27228","GRC","Greece","2020-10-26",0.634285714285714,0,1,0.239951744176223,0.172168621318614,0.560056766122325
"27229","GRC","Greece","2020-10-27",0.626190476190476,0,1,0.241970957195323,0.224458865661781,0.586667874955515
"27230","GRC","Greece","2020-10-28",0.615714285714286,0,1,0.24442770424701,0.285005464374923,0.617503303952194
"27231","GRC","Greece","2020-10-29",0.605238095238095,0,1,0.246516110724107,0.314213427683755,0.631690470103507
"27232","GRC","Greece","2020-10-30",0.601904761904762,0,1,0.248778076288346,0.389230841045343,0.671815841189099
"27233","GRC","Greece","2020-10-31",0.579523809523809,0,1,0.251574759353051,0.488662205500947,0.722739681430913
"27234","GRC","Greece","2020-11-01",0.579523809523809,0,1,0.251561547647959,0.567497073033597,0.765484517159125
"27235","GRC","Greece","2020-11-02",0.579523809523809,0,1,0.25554761191477,0.606293060772077,0.786913148921881
"27236","GRC","Greece","2020-11-03",0.579523809523809,0,1,0.258295677840058,0.687081044392251,0.830853183037619
"27237","GRC","Greece","2020-11-04",0.554761904761905,0,1,0.261248478292532,0.784648070764308,0.882418405640013
"27238","GRC","Greece","2020-11-05",0.499523809523809,0,1,0.264637726391195,0.935925789543184,0.964185103926193
"27239","GRC","Greece","2020-11-06",0.448095238095238,0,1,0.267193470852795,1,1
"27240","GRC","Greece","2020-11-07",0.409523809523809,0,1,0.269644653792545,1,1
"27241","GRC","Greece","2020-11-08",0.372380952380952,0,1,0.271419421225854,1,1
"27242","GRC","Greece","2020-11-09",0.326190476190476,0,1,0.273032121896703,1,1
"27243","GRC","Greece","2020-11-10",0.274285714285714,0,1,0.275103815715655,1,1
"27244","GRC","Greece","2020-11-11",0.273809523809524,0,1,0.277421554547582,1,1
"27245","GRC","Greece","2020-11-12",0.271428571428571,0,1,0.280202119093316,1,1
"27246","GRC","Greece","2020-11-13",0.27,0,1,0.282515231250439,1,1
"27247","GRC","Greece","2020-11-14",0.268095238095238,0,1,0.284435411120278,1,1
"27248","GRC","Greece","2020-11-15",0.263809523809524,0,1,0.285517697835055,1,1
"27249","GRC","Greece","2020-11-16",0.257142857142857,0,1,0.287348188217868,1,1
"27250","GRC","Greece","2020-11-17",0.252380952380952,0,1,0.288885240239253,1,1
"27251","GRC","Greece","2020-11-18",0.252380952380952,0,1,0.290962861392487,1,1
"27252","GRC","Greece","2020-11-19",0.249047619047619,0,1,0.293018746107549,1,1
"27253","GRC","Greece","2020-11-20",0.247142857142857,0,1,0.294262037637095,1,1
"27254","GRC","Greece","2020-11-21",0.246190476190476,0,1,0.295184586796434,1,1
"27255","GRC","Greece","2020-11-22",0.246190476190476,0,1,0.295983853584565,1,1
"27256","GRC","Greece","2020-11-23",0.246190476190476,0,1,0.296293610016655,1,1
"27257","GRC","Greece","2020-11-24",0.246190476190476,0,1,0.296612924199375,1,1
"27258","GRC","Greece","2020-11-25",0.246190476190476,0,1,0.298809426435127,1,1
"27259","GRC","Greece","2020-11-26",0.246190476190476,0,1,0.299744116503478,0.913553732540679,0.946963801359338
"27260","GRC","Greece","2020-11-27",0.246190476190476,0,1,0.300429523286331,0.862950270273092,0.915941233502724
"27261","GRC","Greece","2020-11-28",0.246190476190476,0,1,0.300901430997845,0.813057032037339,0.885361520247538
"27262","GRC","Greece","2020-11-29",0.246190476190476,0,1,0.301281884718594,0.78597974082398,0.868777349761351
"27263","GRC","Greece","2020-11-30",0.246190476190476,0,1,0.30181525728359,0.755528885459453,0.850139557203843
"27264","GRC","Greece","2020-12-01",0.246190476190476,0,1,0.302426026585838,0.761565789729974,0.853876577942624
"27265","GRC","Greece","2020-12-02",0.246190476190476,0,1,0.30307264381604,0.764584241865225,0.85576447985187
"27266","GRC","Greece","2020-12-03",0.246190476190476,0,1,0.30347696183386,0.752510433324201,0.848392064006261
"27267","GRC","Greece","2020-12-04",0.246190476190476,0,1,0.303796417553026,0.722947357999443,0.830304348993911
"27268","GRC","Greece","2020-12-05",0.246190476190476,0,1,0.303933413251727,0.690632164551382,0.810521782639864
"27269","GRC","Greece","2020-12-06",0.246190476190476,0,1,0.304149719940718,0.664886543397695,0.79477150890645
"27270","GRC","Greece","2020-12-07",0.246190476190476,0,1,0.304631779865976,0.683174812217212,0.806009700340415
"27271","GRC","Greece","2020-12-08",0.246190476190476,0,1,0.304661506240959,0.605494058736276,0.758449139008732
"27272","GRC","Greece","2020-12-09",0.246190476190476,0,1,0.304888620608317,0.560217276707386,0.730751724015491
"27273","GRC","Greece","2020-12-10",0.246190476190476,0,1,0.388308430717539,0.529233753318988,0.721600482221314
"27274","GRC","Greece","2020-12-11",0.246190476190476,0,1,0.388308612022845,0.506772918312501,0.708317722137585
"27275","GRC","Greece","2020-12-12",0.246190476190476,0,1,0.388231019514115,0.48999387556061,0.698385118741792
"27276","GRC","Greece","2020-12-13",0.246190476190476,0,1,0.388242276658778,0.471261716721217,0.68730850869025
"27277","GRC","Greece","2020-12-14",0.246190476190476,0,1,0.388314089637265,0.417018356290531,0.655239895899753
"27278","GRC","Greece","2020-12-15",0.246190476190476,0,1,0.388202078867,0.405921105793244,0.648660636245319
"27279","GRC","Greece","2020-12-16",0.246190476190476,0,1,0.388066457264834,0.362419883843929,0.622912315209254
"27280","GRC","Greece","2020-12-17",0.246190476190476,0,1,0.387921300790844,0.328684242332201,0.602935488751723
"27281","GRC","Greece","2020-12-18",0.246190476190476,0,1,0.387571372154554,0.282430902259556,0.575515156119482
"27282","GRC","Greece","2020-12-19",0.247142857142857,0,1,0.387320059556982,0.256418947093938,0.560257861227833
"27283","GRC","Greece","2020-12-20",0.248571428571429,0,1,0.387283436420102,0.247097256676226,0.555007160559142
"27284","GRC","Greece","2020-12-21",0.253333333333333,0,1,0.387297821801476,0.236976564222712,0.549936569431268
"27285","GRC","Greece","2020-12-22",0.259523809523809,0,1,0.386992867097447,0.204483814766679,0.531941481143876
"27286","GRC","Greece","2020-12-23",0.26047619047619,0,1,0.38674914472141,0.182289313772133,0.519027753576222
"27287","GRC","Greece","2020-12-24",0.261904761904762,0,1,0.38651493007684,0.157165138646293,0.504501534282301
"27288","GRC","Greece","2020-12-25",0.264285714285714,0,1,0.386190720567585,0.13434919162389,0.49153325663301
"27289","GRC","Greece","2020-12-26",0.268571428571429,0,1,0.386201558603704,0.0776200470818138,0.459202404582035
"27290","GRC","Greece","2020-12-27",0.271428571428571,0,1,0.386246808574488,0.0558694361071696,0.447134933925557
"27291","GRC","Greece","2020-12-28",0.271428571428571,0,1,0.386334564844691,0.0514305359082331,0.444556408349687
"27292","GRC","Greece","2020-12-29",0.273809523809524,0,1,0.386194320704547,0.0702514727516299,0.456098005167527
"27293","GRC","Greece","2020-12-30",0.283333333333333,0,1,0.385940579887868,0.0708729187794774,0.458614818466671
"27294","GRC","Greece","2020-12-31",0.284761904761905,0,1,0.385749668340583,0.0763771550261189,0.462107817953797
"27295","GRC","Greece","2021-01-01",0.285238095238095,0,1,0.385461955887088,0.0746015949465442,0.461117385605037
"27296","GRC","Greece","2021-01-02",0.280476190476191,0,1,0.38549471684655,0.0746015949465623,0.460023300072036
"27297","GRC","Greece","2021-01-03",0.239523809523809,0,1,0.385515645219183,0.0788629391375088,0.453083955919395
"27298","GRC","Greece","2021-01-04",0.235238095238095,0,1,0.385559253841333,0.0746015949465623,0.449572415384798
"27299","GRC","Greece","2021-01-05",0.235238095238095,0,1,0.385371460453116,0.0641257904771228,0.443297462196556
"27300","GRC","Greece","2021-01-06",0.235238095238095,0,1,0.385165429649258,0.0527622059679141,0.436489071056942
"27301","GRC","Greece","2021-01-07",0.235238095238095,0,1,0.385241378621805,0.0152978882891106,0.414220278262609
"27302","GRC","Greece","2021-01-08",0.235238095238095,0,1,0.384870164644828,0.025951248766504,0.420467355617012
"27303","GRC","Greece","2021-01-09",0.235238095238095,0,1,0.384539711552821,0.0736250369027891,0.448755438400693
"27304","GRC","Greece","2021-01-10",0.235238095238095,0,1,0.384371875880406,0.0785078271216012,0.451622304996978
"27305","GRC","Greece","2021-01-11",0.235238095238095,0,1,0.384261951701162,0.0797507191772961,0.452336657549343
"27306","GRC","Greece","2021-01-12",0.235238095238095,0,1,0.383866483999873,0.0721158108351724,0.447701195754993
"27307","GRC","Greece","2021-01-13",0.235238095238095,0,1,0.38352178582574,0.0591542222543429,0.439905072075086
"27308","GRC","Greece","2021-01-14",0.235238095238095,0,1,0.383146360989083,0.0667003525924988,0.44430976318415
"27309","GRC","Greece","2021-01-15",0.235238095238095,0,1,0.382813910311548,0.0542714320355489,0.436830933560667
"27310","GRC","Greece","2021-01-16",0.235238095238095,0,1,0.382494859668442,0.0286145888858478,0.421475136754548
"27311","GRC","Greece","2021-01-17",0.235238095238095,0,1,0.382408017821454,0.0101487640583587,0.410456015140405
"27312","GRC","Greece","2021-01-18",0.235238095238095,0,1,0.382407203501706,0,0.40441132468495
"27313","GRC","Greece","2021-01-19",0.235238095238095,0,1,0.382082913413788,0,0.404330252162971
"27314","GRC","Greece","2021-01-20",0.235238095238095,0,1,0.38177140085987,0,0.404252374024491
"27315","GRC","Greece","2021-01-21",0.235238095238095,0,1,0.381478430120666,0,0.40417913133969
"27316","GRC","Greece","2021-01-22",0.235238095238095,0,1,0.38116167377845,0,0.404099942254136
"27317","GRC","Greece","2021-01-23",0.235238095238095,0,1,0.380893661044435,0,0.404032939070632
"27318","GRC","Greece","2021-01-24",0.235238095238095,0,1,0.380838600455426,0,0.40401917392338
"27319","GRC","Greece","2021-01-25",0.235238095238095,0,1,0.380871748602713,0,0.404027460960202
"27320","GRC","Greece","2021-01-26",0.235238095238095,0,1,0.380612497709252,0.000827073640664414,0.404455615019331
"27321","GRC","Greece","2021-01-27",0.235238095238095,0,1,0.38035140384146,0.0315442630171133,0.422700992765339
"27322","GRC","Greece","2021-01-28",0.235238095238095,0,1,0.380091536810413,0.0499213098406164,0.433593875088688
"27323","GRC","Greece","2021-01-29",0.235238095238095,0,1,0.379719772759642,0.0783302711136473,0.450444716203736
"27324","GRC","Greece","2021-01-30",0.235238095238095,0,1,0.37953981661304,0.0951980918694975,0.460461625831971
"27325","GRC","Greece","2021-01-31",0.235238095238095,0,1,0.379535427609478,0.108514792466235,0.468401469750184
"27326","GRC","Greece","2021-02-01",0.273333333333333,0,1,0.37958481625203,0.117925260887933,0.48242459728021
"27327","GRC","Greece","2021-02-02",0.290476190476191,0,1,0.379501214753357,0.154057908507056,0.507233953238517
"27328","GRC","Greece","2021-02-03",0.293333333333333,0,1,0.379370148771744,0.180069863672682,0.522944862202081
"27329","GRC","Greece","2021-02-04",0.29952380952381,0,1,0.379114354500559,0.211674833088919,0.542503010798374
"27330","GRC","Greece","2021-02-05",0.29952380952381,0,1,0.378883232400016,0.237420454242588,0.557400174149166
"27331","GRC","Greece","2021-02-06",0.29952380952381,0,1,0.378625421046604,0.265030413479835,0.573377575007703
"27332","GRC","Greece","2021-02-07",0.29952380952381,0,1,0.378590688619161,0.287136136470387,0.586202932618201
"27333","GRC","Greece","2021-02-08",0.29952380952381,0,1,0.378572459722373,0.295214934832423,0.590889231951957
"27334","GRC","Greece","2021-02-09",0.29952380952381,0,1,0.37837581035384,0.319273773910521,0.604821342909592
"27335","GRC","Greece","2021-02-10",0.29952380952381,0,1,0.378203608286557,0.348748071231275,0.621903875430569
"27336","GRC","Greece","2021-02-11",0.3,0,1,0.377977424526579,0.371297684241739,0.635034757389225
